id,type,text1,text2,text3,text4,text5,notes
lightmg,WEAPON,"Una categoria de armas antiguas de bajo coste y disparo rapido, facilmente disponibles, que se han utilizado con eficacia contra misiles y cazas a corta distancia a lo largo de la historia del combate espacial. Casi inutiles contra objetivos debidamente blindados.

Debido a su facilidad de fabricacion y modificacion, existen cientos de variantes. Cualquier arma de este tipo que dispare proyectiles inertes de propulsion quimica -facilmente producidos incluso por una autoforja rudimentaria- de un calibre determinado, se clasan como ametralladoras ligeras montadas en naves. Los mecanismos que accionan estas armas varian considerablemente.

Populares en pequenas naves civiles debido a su bajo coste. El nucleo denso de los proyectiles suele estar encamisado con un metal mas duro para ayudar a la alimentacion y la penetracion. Estos sistemas de armas entregan una cantidad sorprendentemente grande de energia cinetica a corta distancia a pesar de su diseno primitivo.",,,,,
lightdualmg,WEAPON,"Una version mejorada y de doble canon de la venerable ametralladora ligera. No es especialmente eficaz contra objetivos con mucho blindaje, pero ha destacado en su funcion de defensa antimisiles y contra cazas desde los albores del combate espacial humano.

Se trata de un montaje doble de la misma arma de proyectil quimico de bajo calibre, de disparo rapido e inerte, conocida por todo piloto y armero del Sector. Es un excelente montaje de defensa de punto, que sobresale tanto en la intercepcion de misiles como en la funcion anticafcas.

La gran cantidad de energia cinetica que se transmite a los sistemas de escudo de las naves enemigas a corta distancia suele provocar una sobrecarga de los emisores, una opcion tactica que los capitanes inexpertos suelen pasar por alto.",,,,,
lightmortar,WEAPON,"Un arma anticuada que lanza proyectiles antitanque con una baja cadencia de tiro, velocidad de boca y alcance. Su unica ventaja es la baja acumulacion de flujo.

Los planos de las armas de los morteros ligeros no estaban destinados en absoluto a las naves espaciales, pero una ingeniosa modificacion del mecanismo de carga por retrocarga permite su instalacion y uso fuera de un entorno atmosferico. En combate, el mortero ligero tiene un rendimiento deficiente contra objetivos que se mueven rapido o que tienen escudo debido a su pesima rotacion de montaje y cadencia de tiro. No obstante, se utiliza a menudo para entrenar a oficiales de artilleria novatos en los detalles mas finos de las tacticas y la nomenclatura de la balistica espacial.

Comunmente instalado en yates privados y vehiculos interplanetarios individuales debido a su baja masa y coste.",,,,,
heavymortar,WEAPON,"Un arma anticuada que dispara proyectiles antiblindaje mas grandes a una cadencia de tiro algo superior a la de su version mas pequena. La velocidad del proyectil es baja y el alcance efectivo es corto. La baja acumulacion de flujo es su unica ventaja.

El Mortero Pesado fue disenado originalmente para su uso en combate en la superficie planetaria. Con la intencion ostensible de romper fortificaciones militares, vio mucho mas uso en bombardeos urbanos. Sus robustos mecanismos internos permiten su instalacion y uso fuera de un entorno atmosferico con solo ajustes menores, notablemente la sustitucion del modulo automatico de telemetro y punteria. Cuando se emplea contra objetivos grandes, sin escudo y de movimiento lento, el mortero pesado puede resultar muy eficaz.",,,,,
vulcan,WEAPON,"Un sistema de armas de defensa de punto balistico de disparo rapido, especialmente devastador contra misiles y cazas a corta distancia. La precision disminuye drasticamente durante rafagas de fuego prolongadas.

Esta plataforma de armas multicanon esta construida en torno a un avanzado mecanismo de sincronizacion, fabricado habitualmente por nanoforjas autorizadas por la Hegemonia. Los proyectiles suelen estar recubiertos de uranio empobrecido y no son explosivos. La multiplicidad de canones permite una cadencia de tiro extremadamente alta, aunque con un elevado coste de flujo.",,,,,
lightac,WEAPON,"Un canon automatico de calibre pequeno con un buen alcance para un chasis tan ligero. Disenado para contrarrestar los escudos enemigos y especialmente efectivo contra los generadores mas debiles utilizados en cascos mas pequenos.

Presenta proyectiles cineticos de alta velocidad que proporcionan una excelente arma de apoyo de fuego para naves pequenas. Su baja velocidad de giro en el montaje, debido a un complejo cargador automatico y a la refrigeracion liquida, convierte al Light Autocannon en una mala opcion para la defensa contra cazas y misiles.",,,,,
lightdualac,WEAPON,"Una version de doble canon del Canon Ligero Automatico. Es una excelente arma para apoyo a corta distancia y muy eficaz para derribar escudos, pero su alcance efectivo es menor debido al alto retroceso.

Un ingenioso diseno mecanico evita que las ventanas de eyeccion se atasquen al expulsar el doble de casquillos gastados que el chasis estandar del Canon Ligero Automatico. Al igual que la version de un solo canon, este sistema de armas dispara proyectiles de alta velocidad disenados para perforar los escudos enemigos. El cargador automatico y los sistemas de refrigeracion liquida son, por lo demas, identicos a la version de un solo canon.",,,,,
lightag,WEAPON,"Un canon de pequeno calibre disenado para combates a corta distancia, excelente contra el blindaje y con una tasa de fuego soberbia.

Canon de pequeno calibre disenado para disparar proyectiles de alto explosivo. El diseno de los sistemas de refrigeracion y del cargador automatico enfatiza la seguridad y la prevencion de una deflagracion potencialmente causada por niveles altos de flujo. Favorecido por capitanes de destructores que tienen algo que demostrar.",,,,,
fragbomb,WEAPON,"Libera un grupo de bombas pequenas flotantes que mantienen el impulso de la nave lanzadora. Las bombas estan equipadas con una espoleta de proximidad.

Un proyector de bombas de fragmentacion dispara bombas de fragmentacion Mark VI desde tres tubos. Sin guia y sin sistema de propulsion, las bombas dependen de un sistema de identificacion amigo-enemigo. Su gran numero les permite cubrir una amplia zona del espacio, creando efectivamente una barrera de defensa de punto en ese lugar, aunque por un tiempo limitado. Cuando la espoleta de proximidad es activada por una nave enemiga, la bomba detona, logrando efectos similares a los de las armas de fragmentacion.",,,,,
clusterbomb,WEAPON,"Lanza un grupo de submuniciones de alto explosivo que flotan libremente. Mas eficaz contra objetivos sin escudo y de movimiento lento.

Un lanzador de bombas de racimo esta equipado con tres tubos disenados para disparar docenas de submuniciones Mark II de penetracion explosiva. Las submuniciones no son guiadas y carecen de sistema de propulsion, por lo que dependen del impulso inicial de la nave de ataque para alcanzar al objetivo. Estan equipadas con un escaner de identificacion amigo-enemigo y solo detonaran al impactar contra un objetivo apropiado. La carga explosiva de penetracion es muy eficaz contra objetivos sin escudo. La enorme cantidad de submuniciones que puede desplegar este sistema de armas es asombrosa y, como tal, convierte a la bomba de racimo en una util arma de denegacion de area.",,,,,
bomb,WEAPON,"Un sistema de armas probado y fiable; el compartimento de bombas alberga multiples ojivas que dependen de la velocidad de la nave lanzadora para alcanzar su objetivo.

Cada compartimento de bombas esta equipado con varias bombas Comp-X de alto explosivo no guiadas que pueden lanzarse de una en una. Las bombas no tienen sistema de propulsion y dependen de la velocidad de la nave lanzadora para llegar al objetivo (por ejemplo, mediante bombardeo en picado). El blindaje atmosferico intrinseco al diseno tambien otorga a las bombas un alto tiempo de vida en un entorno hostil de defensa de punto.",,,,,
lightneedler,WEAPON,"Dispara rafagas de pequenas flechettes a una cadencia de tiro muy alta. El volumen de fuego puede saturar rapidamente los proyectores de escudo, pero suele ser ineficaz contra el blindaje.

La Light Needler es un arma de flechettes de calibre pequeno, disenada para disparar municion sin vaina. Cuenta con un impresionante sistema de alimentacion capaz de entregar cientos de ""agujas"" por segundo. No requiere un sistema de extraccion, y el espacio ahorrado se utiliza para proporcionar unidades de refrigeracion adicionales, lo que aumenta enormemente la cadencia de tiro.

La doctrina naval del Dominio establece que el arma debe usarse contra los escudos enemigos a larga distancia, pero, en caso de necesidad, los oficiales de artilleria la emplearan contra escuadrones de cazas enemigos y amenazas de misiles de largo alcance.",,,,,
railgun,WEAPON,"Una mejora de alta tecnologia del canon automatico, el canon de riel dispara proyectiles precisos de alcance medio. Al igual que el canon automatico, destaca por saturar los generadores de escudo enemigos.

Una version miniaturizada del canon Gauss, el canon de riel se basa en un fuerte campo magnetico para disparar proyectiles a altas velocidades. La precision y el alcance son excelentes, y la torreta es capaz de rotar rapidamente mientras no dispara.

Los oficiales de artilleria prefieren el canon de riel al canon automatico cuando disponen de una amplia capacidad de flujo.",,,,,
shredder,WEAPON,"Un canon rotatorio disenado generosamente para ofrecer gran facilidad de uso y fiabilidad. Mientras tanto, los oficiales de armas de las armadas profesionales del Sector Perseano maldicen al Thumper por recompensar los malos habitos de mantenimiento.

Destroza misiles y cazas enemigos con una lluvia abrumadora de proyectiles de fragmentacion de baja masa y velocidad media. Aunque es eficiente en cuanto a flujo, este sistema de armas tiene poco efecto contra el blindaje y los escudos.",,,,,
flak,WEAPON,"Un sistema de armas defensivo que dispara proyectiles llenos de metralla equipados con una espoleta de proximidad para lograr el maximo efecto contra cazas y misiles.

El creciente protagonismo de naves de combate pequenas y baratas, especialmente en el papel de ataque, llevo a un despliegue mas amplio de este sistema de armas en los dias freneticos previos al Colapso. Dispara proyectiles balisticos dotados de una espoleta de proximidad. La explosion resultante lanza una lluvia de flechettes en un amplio volumen con un radio de letalidad respetable contra objetivos estandar. Los modelos mas nuevos cuentan con un sistema de control de fuego integrado en un Predictor Mark VI.",,,,,
heavymg,WEAPON,"Un primo mayor de la ubicua categoria de armas de ametralladora de fuego rapido, la MG pesada es eficaz tanto contra objetivos pequenos como medianos.

Un caballo de batalla para las naves de patrulla en todo el Sector, este sistema de armas cuenta con un mecanismo de disparo por retroceso fiable que, segun se dice, se remonta a los dias de la Antigua Tierra. Las funciones de seguridad incluyen una proteccion contra el encendido espontaneo para la limpieza del cerrojo abierto y una doble prevencion de impactos por percusion. El arma suele montarse sobre una base relativamente masiva para ayudar a absorber el retroceso durante rafagas de fuego prolongadas. Los calibres varian dentro de un rango moderado y la municion se fabrica facilmente en las nanoforjas estandar.

Los proyectiles mas pesados no se fragmentan al impactar como la municion ligera y representan una amenaza creible para las naves de clase fragata. Extremadamente precisa, aunque de cadencia de tiro mas lenta que un canon vulcan. Destaca en funciones de defensa de punto.",,,,,
arbalest,WEAPON,"Un diseno de arma anticuado con un alto dano por proyectil para su tamano. Los proyectiles cineticos son especialmente eficaces contra los escudos enemigos.

Las naves de patrulla mas pesadas en la epoca del Colapso estaban equipadas mayoritariamente con la plataforma de armas Arbalest Mk I; esto explica probablemente por que se dice que el Arbalest es uno de los sistemas de armas de nave mas rescatados del Sector. El primitivo sistema de refrigeracion y la falta de un eyector automatico dificultan la cadencia de tiro y la fiabilidad.

Su unica ventaja es la ubicuidad de los planos para el proyectil Arbalest, que es eficaz para derribar escudos enemigos. No se comprende bien la eficacia de los proyectiles, y se sospecha que reside en las propiedades electromagneticas imprevistas de las fundas de los proyectiles.",,,,,
dualflak,WEAPON,"Una montura doble del canon de flak, mejorada y de una eficacia brutal. Apodada ""La fabricante de viudas"" por su capacidad para despedazar cazas entrantes.

Al igual que el canon de flak estandar, esta arma devasta objetivos mas pequenos, como cazas y misiles, aunque dispara dos proyectiles con espoleta de proximidad. La dispersion controlada asegura una doble detonacion y un radio de letalidad mayor. Por razones obvias, rara vez se lanzan cazas intencionadamente contra naves equipadas con el Dual Flak. Excelente cadencia de tiro y velocidad de rotacion de la torreta.",,,,,
chaingun,WEAPON,"La ametralladora Mk. II de GA-X Industries destaca en el combate a corta distancia, donde la precision es menos importante que el dano total y el volumen de fuego.

Herramienta favorita de los capitanes que prefieren el ""combate cuerpo a cuerpo"", la ametralladora de asalto lanza proyectiles de carga hueca de alto poder explosivo contra el objetivo a un ritmo temible. Cuenta con sistemas de alimentacion y eyeccion motorizados y una unidad de nanofreacion avanzada integrada en el canon.

El unico inconveniente es un perfil de torreta mas pesado que, sumado a la falta del plano del regulador correspondiente, suele montarse en rotadores incompatibles, lo que da lugar a velocidades de rotacion de torreta inesperadamente bajas.",,,,,
heavymauler,WEAPON,"Un sistema de armas avanzado disenado para perforar el blindaje a larga distancia. Tiene una baja cadencia de fuego sostenida, pero un alto dano por rafaga.

El heavy mauler es un arma brutal disenada para entablar combate con objetivos a media y larga distancia. En su esencia, el arma es un canon automatico con un sistema de nanofusion y un puerto de eyeccion externo. Sin embargo, a diferencia de los canones automaticos normales, el heavy mauler se distingue por un cargador de canon de antimateria alimentado por cantidades insignificantes de combustible estandar de nave estelar.

Al salir de la camara de disparo, la ojiva de cada proyectil se carga con un campo de antiprotones que flotan entre 10 y 20 nanometros al frente del proyectil, estabilizados por un revestimiento de bariones. Al impactar contra un objetivo, esta ""vaina"" de antiprotones pierde integridad estructural y la reaccion resultante inflige dano adicional. Dado que los proyectiles ya proporcionan una fuerza destructiva impresionante al objetivo, la reaccion combinada hace que el heavy mauler sea particularmente eficaz contra objetivos blindados.",,,,,
heavyac,WEAPON,"Un canon de tres canones que dispara una rafaga de proyectiles estandarizados a medio alcance. Es mas efectivo contra los escudos enemigos.

Canon automatico de calibre medio y tres canones, desplegado tipicamente con municion de calibre medio. Sus espoletas de disparo con iniciacion electrica garantizan un conteo de disparos preciso. Como arma de apoyo de fuego, es habitual encontrarlo en naves de clase destructor y crucero. Una bateria de canones automaticos pesados con una solucion de tiro adecuada puede suponer una amenaza seria para las naves capitales.

Sin embargo, la necesidad de masa adicional para alojar el complejo cargador automatico y los sistemas de refrigeracion resulta en una tasa de giro muy pobre.",,,,,
hveldriver,WEAPON,"Un arma especializada disenada para sobrecargar e inhabilitar los sistemas enemigos desde la distancia. El proyectil de duranio de alta velocidad tambien es eficaz contra los escudos.

El impulsor de hipervelocidad utiliza un proceso de dos etapas para acelerar un proyectil de duranio con un nucleo de hierro y cobalto magnetizado a una velocidad muy alta. Una carga quimica acelera el proyectil primero, luego las bobinas magneticas toman el control, acelerandolo aun mas y estabilizando su vuelo. El proyectil llega con una carga muy alta al objetivo, generando una cantidad significativa de interferencia electromagnetica en la nave que impacta.",,,,,
heavyneedler,WEAPON,"Un montaje doble del Light Needler con una base mas pesada; este avanzado sistema de armas es capaz de abrumar rapidamente los proyectores de escudo.

El Heavy Needler es un arma avanzada que dispara pequenos proyectiles tipo flecha. Como mejora del Light Needler, cuenta con mejores sistemas de alimentacion y refrigeracion, lo que permite una cadencia de tiro aun mayor. Los proyectiles son identos a la version ligera: municion sin vaina con punta de tungsteno.",,,,,
gauss,WEAPON,"Un arma de largo alcance disenada para sobrecargar los escudos del objetivo. El pesado proyectil cinetico que dispara tambien es eficaz contra casi todo el blindaje, excepto el mas pesado.

Utiliza bobinas magneticas para acelerar un gran proyectil compuesto ultradenso a velocidades relativistas. Normalmente se situa en el rango de los cientos de gigaamperios, y rara vez supera un teraamperio. Y, a diferencia de la mayoria de las armas balisticas, tiene una carga de flujo muy alta al disparar. Las torretas equipadas con este sistema tienen una tasa de giro extremadamente pobre.

Es un arma muy eficaz cuya utilidad se ve limitada por la baja potencia de los reactores de las naves que suelen presentar grandes montajes de armas balisticas. ",,,,,
hephag,WEAPON,"Un gran sistema de canon balistico con buen alcance operativo; sus proyectiles de carga hueca de alto explosivo estan disenados para destrozar blindajes pesados. El dano bruto tambien puede servir para abrumar emisores de escudos mas debiles.

El Canon de Asalto Hephaestus es una plataforma de armas verdaderamente devastadora, llamada asi por una deidad de la Antigua Tierra asociada a un predecesor distante de la nanoforja. Un chasis tipico cuenta con dos canones L/8ternut que alternan disparos de proyectiles destructores de blindaje con una alta cadencia de fuego. Un eyector electromagnetico, un sistema de alimentacion por presion y nanocoolantes permiten que el arma dispare durante periodos prolongados, limitados unicamente por la reserva de flujo.

Existe una tradicion entre los oficiales de la Hegemonia de referirse al retumbar del retroceso del Hephaestus como ""el latido de la Armada de la Hegemonia"", a lo que la tripulacion responde con un entusiasta ""Ooh-rah!"". En los bares de los puertos se soportan varios juegos de beber con una tematica similar, aunque expresada de forma mas vulgar, para gran molestia de los propietarios debido a los pisotones y a la inevitable rotura de las jarras.",,,,,
mark9,WEAPON,"Un imponente canon automatico de medio alcance que se utiliza con mayor eficacia contra escudos; el Mark IX tambien puede servir admirablemente para aniquilar cascos sin blindaje. Un sistema de doble cargador unico, disenado con dos canones, permite la descarga de un gran volumen de proyectiles de gran calibre.

Los planos del Mark IX fueron redescubiertos por primera vez en el Sector Perseano en un pecio a la deriva capturado en el pozo gravitatorio de la estrella Penelope. Tras un examen apresurado de los archivos por parte de un evaluador no cualificado -los informes historicos consideraban el Mark IX obsoleto debido a su bajo rendimiento contra las naves de guerra fuertemente blindadas que predominaban en aquella epoca-, el plano fue subastado y adquirido por una pequena organizacion mercenaria conocida como Tactistar, una contratista militar que entonces era una filial de Ko Combine, y quedo en el olvido. Tras algunos ciclos, se hallo suficiente capital excedente para construir finalmente un prototipo para pruebas de armamento. El Mark IX era, por lo general, nada excepcional; se consideraba demasiado grande y mediocre contra objetivos blindados. No obstante, su capacidad de dano bruto era impresionante y las pruebas secundarias mostraron un efecto devastador cuando se empleaba contra objetivos con escudos.

Despues de aquello, el Mark IX no permanecio en secreto mucho tiempo. Tactistar Combine vendio con beneficios los derechos de fabricacion por todo el Sector Perseano y pronto se recompro a si misma de su siempre pesada corporacion matriz.",,,,,
mjolnir,WEAPON,"Un sofisticado sistema de armas de alcance medio que proporciona un dano superior junto con una carga significativa de PEM.

El Mjolnir es, tecnicamente, un proyector magnetogravitico mas que un canon en el sentido tradicional. Cada municion contiene una pequena cantidad de materia exotica condensada y una microsingularidad aislada que se combinan de forma destructiva al impactar, canalizando energia a traves de una lente gravitica temporal. El efecto local resulta en la devastacion de la materia ordinaria y la liberacion de un potente pulso electromagnetico (PEM) que inhabilita las armas y los sistemas de la nave atacada.",,,,,
multineedler,WEAPON,"Dispara una granizada devastadora de proyectiles cineticos que sobrepasa facilmente a la mayoria de los proyectores de escudo.

El Storm Needler es un sistema de armas balisticas de gran tamano que dispara municion de flechettes de calibre pequeno sin vaina. Tras alcanzar los limites practicos de los sistemas de refrigeracion de tamano medio, los disenadores de la municion sin vaina abrieron camino hacia armas mas grandes con los avanzados recicladores de refrigerante nanotecnologico del Storm Needler, el estriado magnetizado por canon y su funcionamiento automatizado. Un cargador inteligente desempaqueta y carga la cantidad justa de municion de los cargadores, lo que permite un funcionamiento prolongado siempre que la nave nodriza tenga una capacidad de flujo adecuada.",,,,,
hellbore,WEAPON,"Un canon enorme que dispara proyectiles cargados de plasma de movimiento lento. Los proyectiles son muy eficaces contra el blindaje y aniquilan cualquier estructura de casco que quede debajo.

Una temida plataforma de armas, rara vez desplegada debido a la complejidad que implica fabricar un canon construido que pueda disparar con seguridad enormes proyectiles de carga hueca de alto poder explosivo. Cuando un proyectil asi impacta en un objetivo, el efecto Neumann hace que la ojiva proyecte un chorro de metal fundido hacia el blindaje del objetivo, vaporizando una pequena zona y provocando brechas en el casco, despresurizacion y danos internos extensos por la fragmentacion.",,,,,
reaper,WEAPON,"Un unico torpedo no guiado de potencia devastadora con un potente motor a bordo.

El arma de ataque por excelencia, un unico torpedo Reaper es un sistema de entrega grande, autopropulsado, blindado y no guiado para una ojiva nuclear enriquecida y catalizada por AM. La ciencia detras del detonador sorprendentemente compacto es poco conocida en el Sector, aunque se especula ampliamente que se basa en fisica clasificada como secreta por las autoridades del Dominio. Lo que se sabe es que tres o cuatro de estos, pasando por los arcos de la DP, son suficientes para destruir incluso la nave capital mas grande.",,,,,
atropos,WEAPON,"Un bastidor de torpedos guiados avanzados. La carga es mas pequena de lo habitual para dejar espacio al avanzado paquete de guia y a la masa de reaccion del sistema de maniobra.

El torpedo Atropos es un torpedo guiado de gran tamano con un alcance extendido. Cada bastidor monta dos torpedos que pueden dispararse por separado, lo que permite a los capitanes de ataque la maxima flexibilidad. La ojiva nuclear catalizada por AM que se utiliza habitualmente en los torpedos falta aqui, ya que la interferencia barionica del detonador contaminaria los sistemas de guia. Ha sido sustituida por una carga quimica mas pequena, pero aun potente.",,,,,
atropos_single,WEAPON,"Un unico torpedo avanzado y guiado. La carga util es mas pequena de lo habitual para dar cabida al avanzado paquete de guiado y a la masa de reaccion del sistema de maniobra.

El torpedo Atropos es un torpedo guiado de gran tamano y alcance extendido. La ojiva nuclear catalizada por AM que se utiliza habitualmente en las ojivas de torpedo no esta presente, ya que la interferencia barionica del detonador afectaria a los sistemas de guiado. En su lugar, se utiliza una carga quimica mas pequena, pero aun asi potente.

Este montaje cuenta con un unico torpedo.",,,,,
swarmer,WEAPON,"Lanzador de misiles guiados de corto alcance. Los misiles estan disenados para interceptar objetivos agiles y son efectivos principalmente contra naves pequenas como fragatas y cazas.

Lanza rafagas de misiles pequenos. Un sistema infrarrojo sencillo proporciona un seguimiento eficaz, mientras que los micropropulsores quimicos aportan una maniobrabilidad excepcional. Los algoritmos de fijacion evolutivos, perfeccionados durante siglos de aplicacion real, permiten que los misiles anticipen al objetivo; rara vez fallan y son muy dificiles de evitar.",,,,,
swarmer_fighter,WEAPON,Un lanzador de misiles guiados de corto alcance. Los misiles estan disenados para interceptar y destruir cazas enemigos.,,,,,
annihilator,WEAPON,"Dispara una dispersion de cohetes sin guia que cubren un arco amplio. Se utiliza habitualmente para desprender el blindaje enemigo una vez que los escudos han caido.

Cohetes de medio a largo alcance lanzados desde un lanzador pequeno que dispara cinco misiles por salva en una dispersion estrecha para mejorar las probabilidades de impacto. Los cohetes son pequenos y sin guia; el espacio extra se utiliza para una ojiva mas grande y sistemas de propulsion mejorados, asi como para un blindaje mas grueso.

Funciona bien contra objetivos de mayor tamano debido a la mayor probabilidad de impactar con multiples cohetes. Un ataque de cohetes se utiliza a menudo como pantalla antes de un ataque de torpedos para reducir la eficacia de los sistemas de defensa de punto. Tarda varios segundos en recargar tras una salva.",,,,,
annihilator_fighter,WEAPON,Dispara una salva de cohetes sin guia. Se utiliza habitualmente para erosionar el blindaje enemigo una vez que los escudos han caido.,,,,,
annihilatorpod,WEAPON,"Dispara una rafaga de cohetes sin guia. Util para lidiar con el blindaje enemigo o, debido a que no tiene coste de flujo, para aplicar una presion sostenida.

Presenta los mismos cohetes de alcance medio a largo que se encuentran en lanzadores mas pequenos. Los cohetes no tienen guia, ya que el espacio extra se utiliza para una ojiva mas grande y sistemas de propulsion mejorados, asi como un blindaje mas grueso.

Funciona bien contra objetivos grandes debido a la mayor probabilidad de impactar con multiples cohetes. Un ataque con cohetes se utiliza a menudo como pantalla antes de un ataque con torpedos para reducir la eficacia de los sistemas de defensa de punto. ",,,,,
heatseeker,WEAPON,"Se dirige hacia los motores del objetivo y los inhabilita con una potente rafaga de pulso electromagnetico (EMP). Un sistema de autocargador de combate garantiza su utilidad en enfrentamientos prolongados.

El misil Salamander es un arma especializada con dos consideraciones de diseno. La primera es un mecanismo de seguimiento y fijacion de objetivos extremadamente avanzado que le permite dirigirse a los motores enemigos evitando todos los demas puntos de impacto potenciales y las amenazas de defensa de punto.

La segunda es un diseno de ojiva especial que, en lugar de intentar destruir el objetivo con fuerza cinetica o explosiva, genera campos electromagneticos dirigidos de gran magnitud. Cuando se crea tal campo cerca de motores y componentes del casco sin escudo, inhabilitara rapidamente toda su electronica, dejandola inutil hasta que sea reparada.",,,,,
salamanderpod,WEAPON,"Se dirige a los motores del objetivo y los inhabilita con una potente rafaga de PEM. Un sistema de autocargador de grado de combate garantiza su utilidad en enfrentamientos prolongados.

Un pod montado externamente sustituye a los lanzamisiles mas comunes y permite disparar dos misiles casi simultaneamente. Un autocargador extrae, arma y prepara la siguiente salva de dos misiles tras una breve espera.

El misil Salamander es un arma especializada con dos consideraciones de diseno. La primera es un mecanismo de seguimiento y fijacion de objetivos extremadamente avanzado que le permite dirigirse a los motores enemigos, evitando todos los demas puntos de impacto potenciales y las amenazas de defensa de punto.

La segunda es un diseno de ojiva especial que, en lugar de intentar destruir el objetivo con fuerza cinetica o explosiva, genera campos electromagneticos dirigidos de gran magnitud. Cuando se crea tal campo en las proximidades de motores y componentes del casco sin escudo, dejara fuera de combate rapidamente toda su electronica, dejandolos inutilizados hasta que sean reparados.",,,,,
harpoon,WEAPON,"Lanzador de misiles guiados de alcance medio y gran carga util. Devastador contra naves con los escudos desactivados.

Tres lanzadores de misiles de alcance medio. Un excelente sistema de propulsion entrega una gran ojiva al objetivo a velocidades subluminicas. Sacrificando maniobrabilidad en favor de la velocidad y el tamano de la ojiva, el misil de alcance medio es una de las armas de gran potencia que no son de asalto mas empleadas en el Sector. Un solo impacto es casi fatal para naves de tamano fragata.

Este sistema de armas cuenta con un lanzador que alberga multiples misiles.",,,,,
harpoonpod,WEAPON,"Lanzador de misiles guiados de alcance medio y gran capacidad de carga. Devastador contra naves con los escudos desactivados.

Un lanzador montado externamente sustituye a los racks de misiles mas comunes y permite disparar multiples misiles casi simultaneamente. Un cargador automatico extrae, arma y prepara la siguiente salva de misiles tras una breve espera.

Estos misiles de alcance medio son identicos a los disparados desde racks simples o triples, y son una forma excelente de rematar una nave con los escudos desactivados. Un sistema de propulsion excelente entrega una gran carga util al objetivo a velocidades subluminicas. Al sacrificar maniobrabilidad en favor de la velocidad y el tamano de la carga util, el misil de alcance medio es una de las armas de gran potencia que no son de ataque directo mas potentes empleadas en el Sector. Un solo impacto es casi fatal para naves de tamano fragata.
",,,,,
harpoon_single,WEAPON,"Misil guiado de alcance medio y gran carga util. Devastador contra naves con los escudos desactivados.

Un excelente sistema de propulsion entrega una gran ojiva al objetivo a velocidades subluminicas. Sacrificando maniobrabilidad en favor de la velocidad y el tamano de la ojiva, este misil de alcance medio es una de las armas de alto rendimiento no de ataque mas potuestas en el sector. Un solo impacto es casi fatal para naves de tamano fragata.

Esta montura solo puede lanzar un misil a la vez y contiene un repuesto en un cargador de grado de combate empotrado en el casco.",,,,,
sabot,WEAPON,"Dispara una dispersion de segunda etapa de penetradores cineticos de alta velocidad cuando esta en rango. Inflige dano pesado a los escudos y un dano masivo por PEM al impactar en el casco o el blindaje enemigo. Dificil de detener con defensa de punto.

Los misiles de clase sabot son armas cineticas de dos etapas y corto alcance. La primera etapa de un misil guiado proyecta un conjunto secundario a una distancia de impacto de un objetivo con escudo. El ordenador de fijacion de objetivos a bordo enciende entonces el propulsor para un penetrador cinetico. Este ""sabot"", como se le llama comunmento, es tipicamente un proyectil estrecho y estabilizado lateralmente, fabricado con un material ultradenso como el uranio empobrecido.

Excelente para derribar escudos enemigos y provocar una sobrecarga. El blindaje estandar de las naves es espaciado y, por tanto, el sabot inflige un dano mas manejable si los escudos se bajan a tiempo para recibir el impacto en el blindaje.

Este sistema de armas cuenta con un bastidor de disparo que alberga multiples misiles.",,,,,
sabotpod,WEAPON,"Dispara una segunda etapa de proyectiles cineticos de alta velocidad en dispersion cuando esta en rango. Inflige un dano pesado a los escudos y un dano de EMP masivo al impactar en el casco o el blindaje enemigo. Dificil de detener con DP.

El pod sustituye a los mas comunes lanzamisiles y permite disparar multiples misiles casi simultaneamente. Un cargador automatico extrae, arma y prepara la siguiente salva de misiles tras un breve retraso.

Los misiles de clase sabot son armas cineticas de dos etapas y corto alcance. La primera etapa de un misil guiado proyecta un conjunto secundario hasta una distancia de impacto con un objetivo con escudo. El ordenador de tiro a bordo enciende entonces el propulsor de un penetrador cinetico. Este ""sabot"", como se le llama comunmente, es tipicamente un proyectil estrecho y estabilizado lateralmente, fabricado con un material ultra denso como el uranio empobrecido.

Excelente para derribar escudos enemigos y provocar una sobrecarga. El blindaje estandar de las naves es espaciado y, por tanto, el sabot inflige un dano mas manejable si los escudos se bajan a tiempo para recibir el impacto en el blindaje.

Este sistema de armas cuenta con un bastidor de disparo que alberga multiples misiles.",,,,,
sabot_single,WEAPON,"Dispara una dispersion de segunda etapa de penetradores cineticos de alta velocidad cuando esta en rango. Gran dano a los escudos y un dano masivo por PEM al impactar en el casco o el blindaje enemigo. Dificil de detener con defensa de punto.

Los misiles de clase sabot son armas cineticas de corto alcance y dos etapas. La primera etapa de un misil guiado proyecta un conjunto secundario a una distancia de impacto de un objetivo con escudo. El ordenador de tiro de a bordo enciende entonces el propulante para un penetrador cinetico. Este ""sabot"", como se le llama comunmente, es tipicamente un proyectil estrecho y estabilizado lateralmente, fabricado con un material ultradenso como el uranio empobrecido.

Excelente para derribar los escudos enemigos y provocar una sobrecarga. El blindaje estandar de las naves es espaciado y, por tanto, el sabot inflige un dano mas manejable si los escudos se bajan a tiempo para recibir el impacto en el blindaje.

Este montaje solo puede lanzar un misil a la vez y lleva un unico repuesto en un cargador de grado de combate empotrado en el casco.",,,,,
sabot_fighter,WEAPON,"Dispara una rafaga de segunda etapa de penetradores cineticos de alta velocidad cuando esta en rango. Inflige gran dano a los escudos y un dano masivo por PEM al impactar en el casco o el blindaje enemigo. Dificil de detener con DP.

Los misiles clase sabot son armas cineticas de dos etapas y corto alcance. La primera etapa de un misil guiado proyecta un conjunto secundario a una distancia de impacto de un objetivo con escudo. El ordenador de tiro a bordo enciende entonces el propulente para un penetrador cinetico. Este ""sabot"", como se le llama comunmente, es normalmente un proyectil estrecho y estabilizado lateralmente, fabricado con un material ultradenso como el uranio empobrecido.

Excelente para derribar escudos enemigos y provocar una sobrecarga. El blindaje estandar de las naves es espaciado y, por tanto, el sabot inflige un dano mas manejable si los escudos se bajan a tiempo para recibir el impacto en el blindaje.

Este montaje solo transporta un misil.",,,,,
breach,WEAPON,Un misil rapido y fuertemente blindado con buena capacidad de guiado y una pequena ojiva especializada en la destruccion de blindaje.,,,,,
breachpod,WEAPON,Un misil rapido y fuertemente blindado con buena capacidad de guiado y una pequena ojiva especializada en la destruccion de blindaje.,,,,,
pilum,WEAPON,"Misil de dos etapas disenado para el apoyo de largo alcance por parte de naves de combate de retaguardia. La segunda etapa posee una velocidad maxima superior, lo que le otorga mejores posibilidades de vencer a los sistemas de defensa de punto.

Como sistema de armas tecnologicamente maduro, el misil de clase Pilum es la eleccion obvia para ataques de largo alcance por parte de capitanes cautelosos. La ojiva consiste en un dispositivo capaz de causar fallos localizados en escudos activos, y un generador de PEM para asestar un golpe modesto a traves de esas brechas. Ninguno de los dos dispositivos es particularmente eficaz debido a las limitaciones impuestas por los excesivos tanques de combustible del misil.

Un sistema de cargador automatico de grado de combate garantiza una utilidad continua, aunque modesta, en enfrentamientos prolongados.",,,,,
pilum_large,WEAPON,"Un misil de dos etapas adecuado para el apoyo de largo alcance por parte de naves de combate de retaguardia. La segunda etapa tiene una velocidad maxima superior, lo que le da una mejor oportunidad de derrotar a los sistemas de defensa de punto. El sistema de lanzamiento tipo ""catapulta"" produce una mayor concentracion de fuego.

Como sistema de armas tecnologicamente maduro, el misil de clase Pilum es la opcion obvia para ataques de largo alcance por parte de capitanes cautelosos. La ojiva consiste en un dispositivo capaz de causar fallos localizados en escudos activos y un generador de EMP para asestar un golpe modesto a traves de estas brechas. Ninguno de los dos dispositivos es particularmente eficaz debido a las limitaciones impuestas por los excesivos tanques de combustible del misil.

Un sistema de autocargador de combate garantiza una utilidad continua, aunque modesta, en enfrentamientos prolongados.",,,,,
phasecl,WEAPON,"Despliega cargas de proximidad de baja velocidad con un radio de explosion impresionante y capacidad para ignorar el fuego de defensa de punto. Es especialmente devastador contra cazas, pero tambien eficaz contra objetivos blindados.",,,,,
phasecl_bomber,WEAPON,"Despliega cargas de proximidad de baja velocidad con un radio de explosion impresionante. Especialmente devastador contra cazas, pero tambien eficaz contra objetivos blindados.",,,,,
typhoon,WEAPON,"Este sistema de armas, simple pero potente, consta de un tubo de lanzamiento y un cargador que suele transportar un punado de misiles estandar de clase Reaper.",,,,,
cyclone,WEAPON,"Sistema de lanzador dual capaz de lanzar una rafaga de torpedos. Devastador para naves lentas que no pueden apartarse a tiempo.

Un sistema de armas muy grande, el lanzador de clase Cyclone figura con dos grandes tubos de torpedos y un cargador interno. El sistema de control de fuego esta vinculado y dispara dos torbulos de clase Reaper en tandem. Un cargador automatico prepara la siguiente salva del cargador en cuestion de segundos.",,,,,
hurricane,WEAPON,"Lanza un misil que se divide en multiples ojivas al aproximarse al objetivo. Especialmente devastador contra enemigos con los escudos desactivados.

Las torretas Hurricane son un arma de la epoca tardia de la Expansion, disenada para lanzar un modulo de proyeccion de misiles multiples autopropulsados. Un ordenador de tiro programa el modulo con una solucion de impacto en el momento de su lanzamiento. El enjambre de misiles pequenos liberados es peligroso para todo tipo de naves. Los misiles cuentan con una ojiva de carga hueca que los hace mas eficaces contra el blindaje enemigo. Estas caracteristicas convierten al Hurricane en un arma de ejecucion, utilizada habitualmente solo por oficiales de artilleria con ordenes de destruir por completo a sus objetivos lisiados.",,,,,
mininglaser,WEAPON,"Laser de utilidad barato, conectado directamente para la defensa contra misiles y cazas. De largo alcance, pero limitado por su baja potencia de salida.

Un laser de mineria Mk I presenta un medio de ganancia de gas de fluoruro reconvertido para el combate. El paquete de fijacion de microasteroides ha sido reutilizado para rastrear y fijar misiles entrantes. Es practicamente inutil contra objetivos mas grandes o blindados. Posee un haz de seguimiento integrado de 670 nm.",,,,,
pdlaser,WEAPON,"Pequeno laser disenado para la defensa contra misiles y cazas, con gran capacidad de seguimiento, dano decente y un alcance muy corto.

La sencillez, la fiabilidad y los bajos costes de flujo caracterizan a esta omnipresente arma de defensa de punto. El laser esta construido alrededor de un medio de ganancia de dioxido de carbono combinado con un haz de marcacion de corto alcance. Un sencillo conjunto de lentes de una sola etapa, sin piezas moviles, permite que el arma funcione durante periodos prolongados sin necesidad de procedimientos de mantenimiento. El bajo dano ha dado lugar a la creacion del acronimo burlon ""Reza [para que sea un] Fiasco"".",,,,,
taclaser,WEAPON,"Laser de combate estandar, util a media y larga distancia. Un arma muy versatil, especialmente eficaz contra objetivos sin escudo.

El caballo de batalla de las armas de rayo en el sector, el laser tactico se utiliza a menudo por su bajo coste de mantenimiento, versatilidad y facilidad de construccion. Cuenta con un medio de ganancia de dioxido de carbono estandar, un haz de marcacion de 530 nm y tres conjuntos de lentes. Un buen arma de apoyo para naves pequenas, especialmente en enfrentamientos prolongados.",,,,,
ioncannon,WEAPON,"Un canon de energia de alcance medio que emite un pulso electromagnetico (EMP) y puede inhabilitar rapidamente los sistemas o motores enemigos. Puede derivar hacia modulos cercanos al punto de impacto.

El medio de ganancia no estandar del canon de iones proyecta materia barionica altamente ionizada en un proyectil coherente. Cuando el proyectil de iones impacta en el objetivo, crea un campo magnetico localizado que causa estragos en todo tipo de electronica, incluidos sensores, encendedores de combustible, modulos de punteria, ordenadores, etc. El arma tambien funde ciertos circuitos y puede forzar ligeramente los generadores de escudo, por lo que inflige una cantidad insignificante de dano permanente. Rara vez es el unico tipo de arma equipada en las naves.",,,,,
ioncannon_fighter,WEAPON,Un canon de energia de alcance medio y disparo lento que lanza un pulso electromagnetico (PEM) y puede inhabilitar rapidamente los sistemas o motores enemigos. Puede derivar hacia los modulos cercanos al punto de impacto.,,,,,
irpulse,WEAPON,"Un laser de pulso infrarrojo con alta eficiencia de flujo que dispara rafagas de energia a medio alcance. Un arma excelente para rafagas de fuego prolongadas.

Esta arma es identica a la mayoria de los laseres de combate con un medio de ganancia de dioxido de carbono que dispara a once micras. Una fuente de alimentacion con conmutacion por Q permite la ablacion del objetivo, lo que hace que el arma sea mucho mas efectiva que un haz convencional, a costa de un consumo de energia mucho mayor. Se utiliza con mayor frecuencia en cazas o fragatas, donde el bajo alcance del arma puede compensarse con la maniobrabilidad de la nave equipada.",,,,,
irpulse_fighter,WEAPON,Un laser de pulso infrarrojo de disparo lento y eficiente en flujo que lanza rafagas de energia a media distancia. Un arma excelente para rafagas de fuego prolongadas.,,,,,
lrpdlaser,WEAPON,"Arma de energia de medio alcance, eficaz para neutralizar amenazas de misiles y cazas. Puede dispararse durante periodos prolongados, pero el dano es insuficiente.

Un conjunto de lentes adicional elimina las particulas de autodifusion de un haz estandar de dioxido de carbono disparado a una longitud de onda de once micras. El alcance extendido permite que la potencia, de otro modo baja, tenga un mayor impacto en los objetivos. Es particularmente util para destruir misiles dirigidos a un objetivo con escudo; un laser de defensa de punto estandar generalmente no tiene el alcance suficiente para extenderse mas alla de los escudos defensivos de la nave que debe proteger.",,,,,
pdburst,WEAPON,"Cuenta con un condensador integrado que permite al arma disparar varias rafagas en rapida sucesion si se deja recargar por completo. Excelente contra misiles y cazas.

El laser de defensa de punto por rafagas es un refinamiento adicional de las armas de haz de DP estandar. El medio de ganancia con conmutacion por Q se bombea por pulsos, asegurando que la potencia entregada al medio de ganancia de zafiro dopado con titanio alcance su maximo en un intervalo predefinido. El resultado es un arma que dispara una vez cada par de segundos y es extremadamente eficaz para su pequeno tamano. El consumo de energia es lo suficientemente bajo como para que incluso los nucleos de energia de algunos cazas puedan soportar la carga de disparo.",,,,,
pdburst_fighter,WEAPON,"Un laser de rafagas cortas y alta intensidad con un rendimiento excelente contra misiles y cazas. La tasa de recarga es menor debido a que posee un condensador mas pequeno que los modelos estandar, debido a los reducidos requisitos de montaje en chasis ligeros.

El laser de defensa de punto de rafagas es un refinamiento adicional de las armas de haz de DP estandar. El medio de ganancia con conmutacion Q se bombea por pulsos, lo que garantiza que la potencia entregada al medio de ganancia de zafiro dopado con titanio alcance su pico en un intervalo predefinando. El resultado es un arma que dispara una vez cada par de segundos y es extremadamente eficaz para su pequeno tamano. El consumo de energia es lo bastante bajo como para que incluso los nucleos de energia de algunos cazas puedan soportar la carga de disparo.",,,,,
amblaster,WEAPON,"Un arma de energia de disparo lento y dano extremadamente alto, destinada a representar una amenaza para las naves mas grandes del Sector. Solo puede usarse a corta distancia.

El blaster de antimateria es una de las armas mas compleadas que existen. La antimateria se almacena en proyectiles que tienen su propio proyector de campo magnetico integrado en la vaina. Para generar un campo lo suficientemente fuerte como para contener y eyectar la antimateria (normalmente positrones), el condensador integrado debe pasar un tiempo considerable cargandose. Una vez que se genera un campo magniente de la fuerza requerida, la vaina se rompe y la antimateria es eyectada hacia el objetivo, siendo su principal propulsor la fuerza de Lorentz alrededor de la boca del blaster.

Extremadamente eficaz contra todo tipo de objetivos.",,,,,
phasebeam,WEAPON,"Un haz de corto alcance y corta duracion que causa un gran dano en una rafaga. Capaz contra el blindaje, dentro de lo que pueden hacer las armas de energia.

Esta arma es, en esencia, simplemente un haz laser con un medio de ganancia de zafiro triplicado para asegurar las longitudes de onda armamentistas mas altas posibles. Los fotones se disparan a traves de un filtro hiperdimensional que emite un haz de energia que existe parcialmente en el espacio-p. La fisica del filtro no se comprende correctamente y, en entornos de laboratorio, los componentes de espacio-p de un haz que supera los 6,66 gigavatios parpadean a veces, como si hubiera un bloqueo. Los montajes de armas nunca utilizan niveles de energia tan altos para garantizar la fiabilidad.",,,,,
gravitonbeam,WEAPON,"Un arma de rayo atipica que es altamente eficaz contra escudos, desestabilizandolos y aumentando el dano infligido por todas las fuentes. Posee un excelente alcance, pero la relacion de dano por segundo frente al blindaje es deficiente.

El nucleo de esta arma es un generador de fisuras de membrana que sigue un rayo trazador de 500 nm. El rayo prepara el espacio-tiempo local para la fisura, ademas de proporcionar retroalimentacion de punteria a los operadores manuales.

Una vez abierta la fisura, gravitones de membrana superior entran en el espacio-tiempo local en masa y persisten hasta 100 centisegundos. El dano al objetivo es causado por la intensa cizalladura gravimetrica resultante. Estos gravitones de membrana superior superan facilmente los campos de energia estandar.",,,,,
pulselaser,WEAPON,"Dispara rafagas repetitivas de energia, favoreciendo al combatiente de alcance medio que dispone de reservas de flujo y busca ejercer una presion constante sobre el enemigo.

Disenado para disparar pulsos en lugar de un haz continuo, con una potencia total que supera a los disenos de funcionamiento constante. Al igual que los laseres continuos, un medio de ganancia de dioxido de carbono recibe energia y produce fotones en longitudes de onda de once micras.

La mayor entrega de energia en menos tiempo provoca la ablacion del objetivo, un proceso que causa la vaporizacion de pequenas secciones de la superficie. Las ondas de choque resultantes provocan danos estructurales adicionales. ",,,,,
miningblaster,WEAPON,La mejor amiga de los mineros; esta arma puede lanzar una rafaga de proyectiles de energia pulverizadores a corta distancia. El escaner de mineral se ha reconvertido en un enclavamiento para evitar el uso excesivo contra escudos cuando el arma esta en modo de fuego automatico.,,,,,
heavyblaster,WEAPON,"Dispara rafagas de energia contra los objetivos enemigos. Con un alto dano y costes de flujo, el heavy blaster es una de las armas mas daninas para su tamano.

Un arma de energia fiable, el Heavy Blaster utiliza municion de gas de alta energia mejorada que, al ser activada por una fuerte corriente electrica, se convierte en plasma. Previamente, se dispara un electron guia a lo largo del eje de trayectoria, asegurando que el proyectil de plasma sin contencion viaje en la direccion prevista, gracias a una fisica que ya no se comprende del todo.",,,,,
heavyburst,WEAPON,"Una version mas pesada del laser de rafaga de DP; esta arma cuenta con un mayor alcance y un mayor numero de condensadores integrados para un dano inicial superior.

Un arma a menudo subestimada, el laser de rafaga pesada es en realidad uno de los mejores sistemas de armas de rayo disponibles en el Sector. Un examen superficial del medio de ganancia y de la carcasa de la lente suele bastar para asegurar incluso al inspector mas esceptico que la tecnologia alojada en su interior es de lo mejor que el Dominio podia ofrecer.

Las leyes fisicas que crean el efecto de rafaga no son comprendidas ni por los mas altos escalafones del Comite de Armamento de la Hegemonia ni por la Division de Fisica Hibrida de Tri-Tachyon. Se teoriza que un rayo multifasico con conmutacion cuantica podria dispararse a traves de un filtro cuantico que aseguraria el entrelazamiento y crearia un efecto de rafaga. Esto podria explicar la triple carcasa de la lente, que originalmente se pensaba que era un sistema de seguridad. Pero no son mas que teorias.

En combate, el laser de rafaga pesado es el preferido por aquellos que quieren tener la seguridad de que su perimetro de defensa de punto es de ultima generacion.",,,,,
plasma,WEAPON,"Uno de los canones de energia mas devastadores conocidos en el Sector Perseano, el canon de plasma lanza proyectiles de plasma semiestables de alta energia contra su objetivo. Esta arma tiene una reputacion igualmente temible entre sus operadores por sobrecargar el propio flujo de la nave.

La carga consiste en un evento de microfusion detonado a traves de una lente gravitica compuesta que enfoca gran parte de la energia resultante hacia adelante para crear lo que matematicamente se ha descrito como un miniverso temporal de alta energia. Muchos cientificos serios consideran que esta explicacion teorica es una justificacion a posteriori para la aplicacion puramente accidental de principios desconocidos. El Consejo de Adquisiciones de la Armada del Dominio, sin embargo, no estaba interesado en investigar tales detalles y aprobo su fabricacion; despues de todo, la mano dura del Ministerio de Estandares Tecnologicos esta siempre vigilante, y su ""asistencia"" podria haber anulado el proyecto entero. Independientemente de ello, en los pocos segundos criticos de semiestabilidad, el plasma anomalamente contenido es acelerado por motores magneticos montados en los pilones delanteros del chasis hacia el objetivo con resultados predeciblemente destructivos.

Si la anomalia del proyectil no es rota por un impacto violento con materia o energia ordinaria durante su breve existencia, una brana superior absorbera la mayor parte del plasma energetico, haciendo que desaparezca de nuestra dimension para siempre. Al menos, eso se asume.",,,,,
hil,WEAPON,"Un arma de rayo de largo alcance y alto dano, montada a menudo en naves de apoyo o en naves que necesitan capacidad antiblindaje con un presupuesto ajustado.

El Laser de Alta Intensidad es un arma de gran potencia con una clasificacion de energia que supera con creces el rango de los gigavatios. Para producir tal potencia durante un periodo prolongado, el diseno confia en un nucleo de energia de fusion integrado. Este nucleo requiere aun un actuador externo, funcion que cumple el reactor de la nave al comenzar el disparo.

Tres conjuntos de lentes meticulosamente calibrados guian los fotones dentro de la unidad de ignicion, requiriendo segundos para acumular la energia necesaria para mantener un rayo coherente. El medio de ganancia es un gas-solido de dos etapas que utiliza conmutacion Q y proporciona un potente flujo de particulas capaz de aniquilar objetivos desprevenidos en segundos.

El alcance extremo al que los objetivos pueden ser rastreados y destruidos hace que el HIL destaque al proporcionar apoyo seguro a las naves aliadas que estan en combate cuerpo a cuerpo. Es un arma predilecta de los capitanes que pueden gestionar el coste de flujo asociado a su uso.",,,,,
autopulse,WEAPON,"Numerosos condensadores integrados son el nucleo de esta arma de energia extremadamente eficiente, aunque potente. El alto dano por rafaga al gastar las cargas acumuladas se compensa con la cadencia de tiro sostenido, comparativamente baja.",,,,,
guardian,WEAPON,"Una coleccion de laseres pequenos montados en una torreta giratoria con un capacitor integrado que permite un dano de rafaga extremadamente alto contra cazas y misiles.

El Paladin es un sistema de defensa de punto de grado militar, desplegado habitualmente en naves capitales debido a su coste de produccion y sus altos requisitos de flujo. El nucleo de fijacion de objetivos autonomo sub-gamma y el sistema IFF integrados estan disenado para detectar y destruir proyectiles de ataque y cazas que hayan penetrado la pantalla de escolta defensiva de la nave nodriza.

Cinco laseres de dioxido de carbono independientes, de diseno venerable y fabricacion de primera linea, proporcionan un fuego excepcionalmente concentrado en un paquete compacto, mientras que un ingenioso sistema de contrapeso de inercia virtual permite que el seguimiento de objetivos sea casi instantaneo. Los prohibitivos requisitos energeticos suelen permitir que el arma se active solo en rafagas cortas, aunque esto suele ser suficiente para acabar con los hostiles de la categoria de amenaza del objetivo.",,,,,
tpc,WEAPON,"Un arma de energia voluminosa de una epoca temprana, el TPC esta integrado directamente en el casco del Onslaught para proporcionar un poder de fuego frontal abrumador.

Disenada antes de que los comites de adquisiciones de la Armada del Dominio confiaran universalmente en las armas de energia modulares, esta arma se incluyo en los planos del Onslaught porque ningun otro casco de la epoca era capaz de suministrar la potencia necesaria.

Aunque algunos disenos modulares de epocas posteriores la superan en rendimiento, el Canon de Pulso Termico sigue siendo una parte integral del arsenal del Onslaught.",,,,,
tachyonlance,WEAPON,"Un haz de funcionamiento por rafagas que inflige un dano devastador con un componente de PEM en cascada. Los arcos de PEM tienen la posibilidad de atravesar los escudos segun el nivel de flujo duro del objetivo.

Un arma tan rara y poderosa que ha alcanzado un estatus mitico en el Sector, la Lanza de Taquiones utiliza tecnologia basada en los principios de un prototipo experimental de sistema de comunicacion FTL, pero con un giro. En lugar de utilizar las propiedades hiperdimensionales de la particula de taquion para la comunicacion, la manipulacion de n-branas y los generadores de antiplasma crean un flujo de taquiones cargados que via</strong> travels en el hiperespacio. Los requisitos de energia minima son asombrosos, y esta cantidad de potencia solo puede generarse durante unos pocos segundos mediante los mayores condensadores de energia, que se encuentran alojados dentro del propio sistema de armas.

A diferencia de los haces disparados por armas de energia normales, el flujo de taquiones no se refracta ni se altera de ninguna manera; de hecho, una vez que se activa el marcador de taquiones inicial, la reaccion cobra vida propia, consumiendo rapidamente la energia almacenada en los condensadores y desatando la destruccion. Cuando el espacio normal se expone a niveles tan altos de antiplasma, un efecto de cavitacion electromagnetica, gravitatoria y termica combinados destroza cualquier cosa que se interponga en su camino, al tiempo que dana gravemente los equipos electronicos cercanos.",,,,,
swarm_launcher,WEAPON,"""Fragmentos autonomos previamente indiferenciados se reasignan desde la propia estructura de la nave nodriza para reponer la nube permanente, de la cual pueden asignarse a grupos de ataque poco organizados. El elemento clave parece ser este -lo designare como- un nodo de sistemas especializado. Especulamos que es un grupo de procesamiento/comunicaciones distribuido, uno de varios que veran destacados en el casco, aqui. Estos parecen coordinar, posiblemente iniciar y delegar, el comportamiento hostil de los elementos de la enjambre semiautonomo"". ",-INFORME HOLOGRAFICO CERRADO para ser entregado UNICAMENTE al Director de Adquisiciones Especiales,,,,
seeker_fragment,WEAPON,"""Un elemento primario portaba una potente carga de alto explosivo con carga hueca; no podemos decir si se desplego desde una reserva de municiones limitada o si se fabrico in situ. El enjambre circundante actuo como una pantalla de sacrificio para permitir que el elemento primario penetrara nuestra red de defensa de punto. Atraveso el cinturon de blindaje a traves de tres cubiertas, y entonces...""",-INFORME HOLOGRAFICO CERRADO para ser entregado UNICAMENTE al Director de Adquisiciones Especiales,,,,
kinetic_fragments,WEAPON,"""Varios grupos de elementos en enjambre libre empezaron a acumular una carga interna, los campos electromagneticos se aproximaron e incluso cruzaron el umbral de sobrecarga en varios de sus componentes internos; se puede ver, aqui, el halo de plasma mientras el material se desprende de la estructura. Al alcanzar este estado excitado, los elementos se aceleraron hacia nuestros escudos en un intento de producir una sobrecarga... con un efecto desafortunado, debe decirse"".",-INFORME HOLOGRAFICO CERRADO para ser entregado UNICAMENTE al Director de Adquisiciones Especiales,,,,
unstable_fragment,WEAPON,"""En respuesta a las amenazas de misiles o, como descubrimos, al acercamiento de un escuadron de cazas, ciertos elementos o ""fragmentos"" del enjambre permanente empezaron a irradiar un calor residual que aumentaba exponencialmente. Este fue el signo inicial, segun revelo el analisis de telemetria tras el encuentro, de una sobrecarga autodestructiva del nucleo de energia. Estos elementos ""calientes"" utilizan propulsores de maniobra para interceptar al escaso escuadron que se aproxima y detonar. La fuerza de multiples reactores de microfusion sobrecargandose y los escombros resultantes fueron suficientes para atravesar el blindaje de naves espaciales ligeras"".

""Se emitira un parche de algoritmo tactico para que dicho comportamiento pueda ser marcado tan pronto como lo detecten los conjuntos de sensores integrados en el combate"".",-INFORME HOLOGRAFICO CERRADO para ser entregado UNICAMENTE al Director de Adquisiciones Especiales,,,,
devouring_swarm,WEAPON,"""Las tacticas de enjambre garantizan que un porcentaje de los elementos de ataque penetre la pantalla defensiva activa del objetivo. Los elementos supervivientes aprovechan su impulso para... adherirse al casco. Se despliegan herramientas y manipuladores semiautonomos -dificilmente podrian llamarse armas- para desmantelar mamparos, conductos y sistemas de la nave. Los materiales recuperados se trasladan de nuevo a los puntos de brecha y hacia... se asemejaban a drones de paquetes de carga, que intentaban regresar a la nave nodriza con su botin"".

""Aunque las maquinas no atacan a la tripulacion humana, aquellos con aumentos ciberneticos -comunes entre los espaciales y, por supuesto, entre los empleados y oficiales de la Compania- fueron... cosechados. Nos vimos obligados a asignar infantes de marina a los equipos de control de danos"".",-INFORME HOLOGRAFICO CERRADO para ser entregado UNICAMENTE al Director de Adquisiciones Especiales,,,,
voltaic_discharge,WEAPON,"""Haremos un acercamiento y... observad la estructura distintiva de la fuente de arco. Se recomienda el uso de escudos y el refuerzo contra EM cuando se identifiquen caracteristicas similares; se adjunta un conjunto de datos tacticos actualizado a este informe"".

""La operacion procedio tras detectarse un fuerte campo magnetico en un miembro de la enjambre permanente... antes de que la sonda fuera destruida, mapeo lineas de campo que se extendian mucho mas alla del elemento de apoyo de la enjambre. Como podeis ver en esta ultima imagen antes de que se perdiera la telemetria; retrocedamos un fotograma, antes del cegamiento por EM...""",-INFORME HOLOGRAFICO CERRADO para ser entregado UNICAMENTE al Director de Adquisiciones Especiales,,,,
neutron_torpedo,WEAPON,"""[Devolviendo resultados / abreviado: verdadero] de 'REVISION ESPECIAL de Investigacion y Desarrollo de Sistemas de Entrega de Municion de Materia Ultradensa (Exotica)'...""

""Si bien este comite admite que el contratista ha demostrado los medios para contener y controlar una carga de neutronio bajo condiciones de laboratorio -respaldado por un astronomico gasto de los contribuyentes, debo anadir-, no ha demostrado ahora, ni jamas, la viabilidad de su despliegia en el campo de batalla. Este comite recomienda que se retire la financiacion y que se denieguen mas permisos tecnologicos aplicados en este campo a la corporacion Tri-Tachyon a la espera de una auditoria completa de los gastos del proyecto...""","-Adquisiciones de la Armada del Dominio, actas de la APRC-3 // CLASIFICADO GALENA (historico)",,,,
light_mass_driver,WEAPON,"""[Mejor coincidencia: 'Sistema de armas de canon de masa ligero (obsoleto)' / abreviado: verdadero / mostrar coincidencia parcial: verdadero / advertencias: La variante contiene modificaciones sin licencia. La variante muestra un ID de produccion no registrado. La variante puede estar infringiendo las normas de seguridad tecnologica del Dominio.]

""...que dispara un proyectil hiperveloz denso y parcialmente ferroso que entrega una carga cinetica respetable para su clase"".

""...es una version militarizada de la catapulta lineal Mk.III civil de Stencor, preferida por las cooperativas mineras de la frontera. Tiene mala reputacion debido a los accidentes causados por copias sin licencia fabricadas en nanoforjas"".","-Resultados recopilados de ""La Enciclopedia Autorizada de los Primeros Sistemas de Armas de la Armada del Dominio, 43.a edicion""",,,,
heavy_mass_driver,WEAPON,"""[Mejor coincidencia: 'Sistema de armas de lanzador de masa pesado (obsoleto)' / abreviado: verdadero / mostrar coincidencia parcial: verdadero / advertencias: La variante contiene modificaciones sin licencia. La variante muestra un ID de produccion no registrado. La variante puede estar infringiendo los Estandias de Seguridad Tecnologica del Dominio.]

""...que dispara una carga pesada de material ultradenso con vaina ferromagnetica. Se ha descubierto que los proyectiles de hipervelocidad del lanzador de masa pesado son particularmente eficaces para sobrecargar los emisores de escudo"".

""...es una version militarizada del modelo civil pesado de la corporacion, ampliamente empleado en aplicaciones de terraformacion. Se descubrio que el sistema de armas era utilizado por ""bandidos"" anti-Dominio en naves de guerra pesadas e instalaciones defensivas [Vease tambien: > Segundo disturbio de Uridim]. La corporacion Stencor investigo... y no fue declarada responsable de la filtracion de los disenos de las armas"".","-Resultados recopilados de ""La Enciclopedia Autorizada de los Primeros Sistemas de Armas de la Armada del Dominio, 43.a edicion""",,,,
neoferric_quadcoil,WEAPON,"""[Mejor coincidencia: 'Sistema de armas Quadcoil (obsoleto)' / abreviado: verdadero / mostrar coincidencia parcial: verdadero / advertencias: La variante contiene modificaciones sin licencia. La variante muestra un ID de produccion no registrado. La variante puede estar infringiendo los estandares de seguridad tecnologica del Dominio.]

""El driver de masa militarizado de montaje cuadruple de Stencor Corporation es un rediseno basado en su linea civil de catapultas lineales. El antiguo proyectil de impacto de compuesto solido fue sustituido en esta aplicacion por una nueva clase de municiones SAPHE de propulsion magnetica, disenadas segun las especificaciones dictadas por el Consejo de Adquisiciones de la Armada. El Quadcoil anadio un sistema de armas balistico antiblindaje de alta velocidad al arsenal de la Armada; al menos para los pocos grupos de combate que pudieron disponer de las series de produccion inicialmente limitadas"".

""Como Stencor Corporation no pudo cumplir con las cuotas originales, sucumbio a la presion para transferir el contrato de adquisicion a Orion Shipyards. Mas tarde, Stenccor reclamo danos a Orion debido a la filtracion de archivos de licencia a los piratas de forjas de la red oscura. [Ver tambien: > Stancor, escandalo de armamento, > Stancor, quiebra y disolucion]""","-Resultados recopilados de ""La Enciclopedia Autorizada de los Primeros Sistemas de Armas de la Armada del Dominio, 43.a edicion""",,,,
voltaic_cannon,WEAPON,"""Un rayo globular propio del mismisimo infierno. Algun tipo de proyectil de plasma autoestabilizado que contiene un cuasiparticula monopolo? Eso es lo que dijo el tecnico. Bueno, tenia tanta carga electrica como cualquier carga de EMP que haya encontrado en combate, sin embargo, se mantiene unido a un alcance tan largo...""

""El ataque inutilizo las armas principales de la nave insignia y la mayor parte de la DP. Tambien frio la mitad de los buferes de datos. Menos mal que transmitimos la salida de los sensores a nucleos endurecidos con regularidad, porque eso es lo que me permitira escapar de este negocio funesto. Cuando volvamos, cobrare mi parte por adelantado. Y luego, la jubilacion"".","-Desconocido, registro de audio hallado en el confin exterior",,,,
voidblaster,WEAPON,"""El efecto de cizalladura del espacio-tiempo parece propagarse a una velocidad cercana, pero no exactamente, a la de la luz local. Seguimos trabajando en ello; descartamos una descalibracion de los sensores. No podemos especular sobre el alcance teorico; el factor limitante es la capacidad de enfoque dentro del espacio normal. El dano en objetivos no reforzados es drastico. Tendre que redactar el informe oficial mas tarde, nos estan llegando demasiados datos nuevos... No estoy seguro de como los bots pudieron idear esto por su cuenta. A Zunya le va a encantar"".",-INFORME HOLOGRAFICO CERRADO para ser entregado UNICAMENTE al Director de Adquisiciones Especiales,,,,
skirmish_unit,SHIP,"Coincidencia mas cercana encontrada para la entrada de archivo de la fragata clase ""Iklwa"", 54,38 % de confianza. Consultando base de datos... ""Agil y, una vez que la doctrina de Armada maduro ante las nuevas condiciones de la Rebelion de los Bandidos de Aquila, la ubicua Iklwa formo la- ALERTA DE VIOLACION DEL UMBRAL DE SEGURIDAD DE LA INFORMACION DEL DOMINIO
// reiniciando flujo de datos...

-vergonzoso y costoso incidente en la estrella de Van Maenens fue solo el proverbial ultimo aviso antes de la criticidad. La indignacion publica en todos los niveles llevo a la apertura de una investigacion sobre altos cargo- ERROR // -no retrocederemos, nunca nos retiraremos. Desde el Cinturon de Orion hasta la Frontera de Polaris, desde- ERROR FATAL DE ACCESO //

Este TriPad no esta autorizado para proporcionar descripciones adicionales del ID de producto solicitado. Por favor, aumente su nivel de permiso de datos de acuerdo con los Estandares de Seguridad de la Informacion del Dominio.",,,,,
overseer_unit,SHIP,"Coincidencia mas cercana encontrada para la entrada de archivo de la nave clase crucero de apoyo de frontera ""Fulgurite"", con un 53,03 % de confianza. Consultando base de datos... ""Un elemento destacado del diseno de Orion Shipyards tras el exodo de la ""Era Esmeralda"", esta plataforma de utilidad de clase frontera contaba con un emisor de microondas montado en el eje, modulado para la orbica hacia el... ADVERTENCIA: SE HA SUPERADO EL UMBRAL DE VIOLACION DE LA SEGURIDAD DE LA INFORMACION DEL DOMINIO
// reiniciando flujo de datos...

-y dijo: ""Que las forjas florezcan en nuestro Dominio Humano; que asi se coronen con la riqueza y la gloria de mil estrellas!"". Aunque la cita se atribuye a... ERROR // -el Nucleo Terrano hacia la region de Sadr, nuestros grupos de batalla estan listos para proteger nuestro modo de vida, nuestra propia existencia! ERROR DE ACCESO FATAL //

Este TriPad no esta autorizado para proporcionar descripciones adicionales del ID de producto solicitado. Por favor, aumente su nivel de permiso de datos de acuerdo con los estandares de seguridad de la informacion del Dominio.",,,,,
assault_unit,SHIP,"Coincidencia mas cercana encontrada para la entrada de archivo de la clase destructor ""Erebid"" (recategorizado), 43,87 % de confianza. Consultando base de datos... ""El mando de la Armada, la mayor parte de los cuales escapo de un procesamiento directo mediante la 'Ola Gris', que vio a casi cuatrocientos oficiales superiores dimitir de- ADVERTENCIA: LIMITE DE VIOLACION DE SEGURIDAD DE INFORMACION DEL DOMINIO
// reiniciando flujo de datos...

-de las Reformas de Garantia de Calidad y Diseno Interestelar -una serie de leyes aprobadas durante doce ciclos intensos por el organo representativo del Dominio Humano y denominadas solo asi por historiadores posteriores- que sentaron las bases legales para la aplicacion drastica de la gestion de derechos de fabricacion (en adelante- ERROR DE ACCESO FATAL //

Este TriPad no esta autorizado para proporcionar descripciones adicionales del ID de producto solicitado. Por favor, aumente su nivel de permiso de datos de acuerdo con los Estandares de Seguridad de Informacion del Dominio.",,,,,
hive_unit,SHIP,"ERROR de identificacion: el objetivo no coincide con ninguna clase de nave conocida en el registro del Dominio ni en las referencias historicas. Enviar datos para entrada temporal? Procesando. ERROR // ADVERTENCIA: UMBRAL DE VIOLACION DE SEGURIDAD DE LA INFORMACION DEL DOMINADO
// reintentar?
 Procesando. ERROR // ADVERTENCIA: UMBRAL DE VIOLACION DE SEGURIDAD DE LA INFORMACION DEL DOMINADO
// reintentar?
 Procesando. ERROR // ADVERTENCIA: UMBRAL DE VIOLACION DE SEGURIDAD DE LA INFORMACION DEL DOMINADO
// proceso fallido.

Pongase en contacto INMEDIATAMENTE con el departamento de SEGURIDAD DE LA INFORMACION DEL DOMINIO para revisar el cumplimiento de los estandares de seguridad de la informacion del Dominio.",,,,,
standoff_unit,SHIP,"Coincidencia mas cercana encontrada para la entrada de archivo del casco clase ""Kardakes"", con un 32,11 % de confianza. Consultando base de datos... ""Destinado en un principio a sustituir a la plataforma de armas balisticas pesadas de asedio orbital clase Hathoda, y considerado posteriormente una nave de guerra de clase capital por derecho propio antes de la orden de reclasificacion del 4.o esquema de la Armada del Dominio, la Kardakes se desplego por primera vez en condiciones de combate durante la reconquista de la insurgencia de Eridani... ADVERTENCIA: SE HA SUPERADO EL UMBETO DE VIOLACION DE LA SEGURIDAD DE LA INFORMACION DEL DOMINIO
// reiniciando flujo de datos...

-tecnologia de ""firmas"" integrada a nivel nanocomimico por la propia nanoforja, con efectos minimos en la integridad estructural total... ERROR DE ACCESO FATAL //

Este TriPad no esta autorizado para proporcionar descripciones adicionales del ID de producto solicitado. Por favor, aumente su nivel de permiso de datos de acuerdo con los estandares de seguridad de la informacion del Dominio.",,,,,
fabricator_unit,SHIP,"Coincidencia mas cercana encontrada con la entrada de archivo para el casco de fabricante movil de clase ""Ilmari"", con un 60,33 % de confianza. Consultando... ""A pesar del incidente de muerte masiva en Hipparcos durante el 3.er ciclo de la 204.a asamblea, este autor sostiene que fue un acto de error humano que rozaba la negligencia, mas que la automatizacion, lo que explica... VIOLACION DEL NIVEL DE SEGURIDAD DE INFORMACION DEL DOMINIO
// reiniciando flujo de datos... 

...base de fabricacion de la frontera para acelerar el desarrollo en sistemas recien anadidos a la red de Portales, particu... ERROR FATAL DE ACCESO //

Este TriPad no esta autorizado para proporcionar descripciones adicionales para el ID de producto solicitado. Por favor, aumente su nivel de permiso de datos de acuerdo con los estandares de seguridad de informacion del Dominiente"".",,,,,
attack_swarm,SHIP,"""Entre la telemetria de intercepcion y el rescate, nos vemos obligados a concluir que no hay una designacion fija, ni una identidad, para los elementos individuales del enjambre. Se definen unicamente por su funcion"".

""Componentes, subcomponentes e incluso estructuras mas grandes desempenan roles intercambiables entre los fragmentos, pero cada pieza demuestra una forma unica que se adapta in situ al ensamblaje principal. Es... la pesadilla de algun ingeniero loco"".","-Desconocido, registro de audio hallado en el confin exterior",,,,
onslaught_mk1,SHIP,"Este es el venerable diseno, el precursor, el progenitor: el acorazado Onslaught Mk.I. Sus lineas son extranas, incluso atavicas, para los ojos modernos. Fue creado para servir a la Armada del Dominio hace mucho tiempo contra alguna amenaza existencial ya olvidada, envuelta en las brumas del tiempo y la propaganda.

No carece de modificaciones: se ha aumentado la capacidad de combustible y se ha optimizado el primitivo hipermotor integrado. Sin sistema de escudos; en su lugar, esta nave monta dos enormes modulos de blindaje adicional. Estos estan destinados a ser retirados para su reparacion tras recibir danos de combate y sustituidos por repuestos que se guardan en el tren logistico. Se ha instalado una forma asombrosamente robusta de automatizacion electromecanica en todos los subsistemas principales.

El brutal poder de la clase Onslaught que el Dominio Humano ejercio durante miles de ciclos es evidente incluso en esta, su forma primitiva.",,,,,
module_onslaught_armor_left,SHIP,"Una enorme pieza de blindaje adicional para montar en el flanco izquierdo del Onante Mk.I, que permite a la nave resistir un fuego imposiblemente pesado para centrarse en su objetivo principal. El diseno modular se concibio originalmente para minimizar el tiempo de inactividad en los astilleros.",,,,,
module_onslaught_armor_right,SHIP,"Una enorme pieza de blindaje adicional para montar en el flanco derecho del Onslaught Mk.I, que permite a la nave resistir un fuego imposiblemente pesado para centrarse en su objetivo principal. El diseno modular se concibio originalmente para minimizar el tiempo de inactividad en los astilleros.",,,,,
heavy_adjudicator,WEAPON,"Un enorme canon de metralla de largo alcance. El Heavy Adjudicator debe integrarse en el casco del Onslaught Mk.I debido al enorme volumen de los sistemas de retroceso y de alimentacion de municion. Llena el espacio con una asombrosa tormenta de metralla a gran distancia; cualquier caza, mis<0xC2>endido o nave sin blindaje esta condenado si se encuentra dentro de esta zona de muerte.

La pregunta sigue en el aire: para que proposito se diseno una arma tan especializada antes del auge de la doctrina de cazas de ataque moviles compatibles con la nanoforja?",,,,,
onslaught,SHIP,"Un diseno venerable, los acorazados de clase Onslaught fueron creados hace mucho tiempo para servir a la Armada del Dominio, antes del desarrollo de armas de ataque avanzadas, armas de energia modernas y sistemas de escudo.

Cuando se lanzaron por primera vez desde el astillero orbital, su potencia de fuego y velocidad de rafaga intimidaron sin duda a sistemas enteros. Algunos incluso dicen que fueron construidos para combatir a no humanos en una guerra olvidada. Mucho mas tarde, los ingenieros de los Astilleros Orion realizaron modificaciones en los planos para incluir un sistema de escudo, actualizaron el hipermotor y redujeron la tripulacion necesaria mediante la automatizacion y la ingenieria iterativa. Aunque existen planos mas avanzados, el Onslaught sigue siendo el mas facil de fabricar debido a la brutal simplicia de sus sistemas.

Una nave disenada sin tener en cuenta los escudos, construida para poder resistir un pesado bombardeo de fuego enemigo y contraatacar protegiendo a su tripulacion, es muy apreciada por sus oficiales y tripulantes. Y contraatacar, puede hacerlo; el inigualable potencial balistico del Onslaught puede devastar flotas enteras en minutos, siendo su unico inconveniente la dependencia logistica de la municion.

Las tripulaciones del Onslaught se enorgullecen de servir en la clase que constituye la columna vertebral de la Armada de la Hegemonia.",,,,,
astral,SHIP,"Un buque capital tecnologicamente avanzado, el portaaviones de clase Astral proyecta un vasto poder de fuego mediante sus numerosos escuadrones de naves de ataque.

Se cree que el casco de clase Astral fue la quintaesencia del diseno de portaaviones durante el final del Dominio, en los ciclos previos al Colapso. El casco esta dotado de automatizacion integrada, nucleos de sub-IA y drones de mantenimiento que utilizan algoritmos militares avanzados para multiplicar la eficacia en combate. El armamento defensivo suele consistir en torretas de defensa de punto respaldadas por misiles de largo alcance, destinados a mantener la presion sobre los hostiles para evitar un combate cercano.

El verdadero poder de un Astral reside en la flexibilidad sin precedres de su complementacion de cazas. Casi cualquier nave enemiga puede ser enviada al fondo rapidamente mediante el lanzamiento coordinado de un escuadron de interceptores agiles, bombarderos de ataque o cazas de apoyo. Las instalaciones automatizadas garantizan que los escuadrones que regresan sean reparados, rearmados y reemplazados rapidamente tras la seguridad de la enorme matriz de emisores de escudo X-35. Segun la doctrina, el portaaviones Astral nunca se despliega solo, ya que su blindaje ligero es vulnerable si el X-35 es derribado. El Astral, acompanado por una horda de escoltas, es ideal como nucleo de una fuerza de tarea de portaaviones capaz de subyugar planetas enteros y bloquear enormes volumenes de espacio.

Entre los buques capital mas avanzados que operan en el actual Sector Perseano, pocos Astrals sirven en la Armada de la Hegemonia debido a los altos requisitos tecnologicos y a las preocupaciones de seguridad. Altos oficiales corporativos de Tri-Tachyon y algunos pocos y raros almirantes privados extraordinariamente ricos utilizan a veces el Astral como su nave insignia.",,,,,
atlas,SHIP,"Las naves de clase Atlas son grandes plataformas de carga espacial con un hipermotor y algunos sistemas defensivos. Cientos de contenedores pueden engancharse al casco y ser transportados con facilidad por este gigante.

Utilizado tipicamente para reabastecer eficientemente puestos de avanzada enteros, el Atlas no es apto para las rutas comerciales pequenas y rapidas que son el pilar del comercio en el Sector. Su baja velocidad y gran tamano siempre atraen a invitados no deseados, que van desde curiosos que vienen a ver el enorme coloso, hasta piratas de saqueo que pretenden desactivar el cierre magnetogravitatorio de un contenedor, o fanaticos sendistas decididos a destruirlo todo. No obstante, la Hegemonia hace un uso extensivo de ellos, especialmente para descargar biomasa de los mundos agricolas de forma estacional. Para este proposito, la Hegemonia reune grandes convoyes de Atlas; estos estan protegidos por cruceros militares que garantizan la seguridad de la linea de vida de los ciudadanos de la Hegemonia.

El mando de un Atlas es un castigo poco comun para los capaces, una mezcla desigual de aburrimiento que anula el alma y terror absoluto, como resultado de las rutas comerciales normales y los ataques piratas, respectivamente.",,,,,
conquest,SHIP,"El crucero de batalla clase Conquest es la encarnacion de la potencia de fuego concentrada. Desarrollada en el periodo inmediatamente anterior a la popularizacion de las naves de caza, esta clase prioriza la potencia de fuego y la velocidad sobre la proteccion de blindaje.

Los tacticos navales espaciales de la epoca confiaban en que los nuevos sistemas de armas siempre superarian al blindaje y a los escudos, siendo por tanto la clave para ganar un combate. Asi que, por de que no construir una nave para la velocidad y el poder? Dotadle de la proteccion de blindaje de un crucero, pero armadle con las mejores armas disponibles para cualquier nave, y que siga siendo mas rapida que aquellos pesados behemots de linea. El Conquest es un buen ejemplo de estos conceptos aplicados a un casco. Se incorporaron muchas otras tecnologias avanzadas al diseno, incluyendo montajes de armas disenados para un combate en rotacion. Esta maniobra requiere una mayor habilidad de navegacion, a la vez que proporciona mas opciones tacticas a los oficiales al mando.

La fortuna favorece a los audaces, decian los antiguos. Esta clase de naves favorece, de hecho, al capitan audaz, dispuesto a arriesgarlo todo por la emocion de la victoria.",,,,,
paragon,SHIP,"La cuspide de los disenos de acorazados del Dominio, aunque quizas menos como resultado de una necesidad militar y mas como fruto de las ambiciones de ciertos altos mandos estrategicos de la Armada del Dominio, con el respaldo considerable de la corporacion Tri-Tachyon, entre otros importantes contratistas.

Ninguna nave puede resistir ni superar en potencia de fuego a la clase Paragon, un autentico Leviatan de una epoca pasada.",,,,,
odyssey,SHIP,"El diseno esferico y asimetrico oculta la potencia de este crucero de batalla. El casco base presenta una dotacion que favorece las armas de energia pesadas y la movilidad. La capacidad de un hangar de dos alas complementa las opciones tacticas.

El Odyssey fue considerado un despilfarro de diseno por el Comite de Adquisiciones Navales del Dominio, con numerosas objeciones planteadas: sin un enfoque tactico unico, las salas de juntas de los oficiales son demasiado grandes, la red de energia solo utiliza componentes premium y los accesorios son demasiado caros. A pesar de varias rondas de aumentos de presupuesto astronomicos y rumores de un escandalo de sobornos, el contrato de produccion solo fue denegado antes de las pruebas finales del prototipo. Sin querer perder nunca una oportunidad rentable, Altair Exotech licencio la clase Odyssey a varias corporaciones de desarrollo de la frontera, incluida Eridani-Utopia, para proporcionar sedes de prospeccion movil y plataformas de operacion admirablemente armadas. Es para este papel en la explotacion megacorporativa de las fronteras que la clase Odyssey, de otro modo rara, llego al Sector Perseano.",,,,,
dominator,SHIP,"Pesado y amenazante, la clase Dominator es uno de los cruceros de defensa de sistemas mas extendidos en el espacio de la Hegemonia.

Aunque no es el casco mas avanzado tecnologicamente, confia en una gran cantidad de puntos de anclaje balisticos para cumplir su mision, que suele ser la defensa de instalaciones orbitales y puntos vitales de las rutas comerciales intersistemicas. Un emisor de escudos deficiente, dificil de gestionar y, por tanto, rara vez utilizado, da paso a un sistema de cinturon de blindaje entrelazado casi impenetrable que protege al Dominator de la mayoria de las armas. Ni siquiera los aviones de combate pueden superar la lluvia de proyectiles que se lanza para interceptar sus cargas. Este casco demuestra que la ingenieria militar probada y contrastada es dificil de vencer con nuevas ideas y tecnologias, especialmente cuando esta en manos de tripulaciones resistentes y decididas y oficiales experimentados.

Fiable, duradero y una presencia constante en el espacio de los mundos civilizados y puestos de avanzada, el Dominator es quizas el mas odiado y temido por los piratas y los agentes corporativos que infringen la ley. ",,,,,
aurora,SHIP,"El crucero de clase Aurora es una maravilla tecnologica, poco comun entre las flotas de guerra contemporaneas. Siendo uno de los cruceros mas rapidos y maniobrables del Sector, tambien es uno de los mas seguros, siempre que su generador de escudos, inusualmente eficiente, se emplee con sensatez y se eviten los ataques de flanco.

Solo cabe preguntarse que podria lograr la Armada del Dominio con una flota de estas naves elegantes, asimetricas y eminentemente eficaces. Los escudos cuentan con el respaldo de sistemas de disipacion de flujo altamente avanzados instalados por todo el casco, lo que otorga al Aurora una gran reserva de flujo.

La mayoria de los planos necesarios para fabricar naves de clase Aurora son secretos corporativos celosamente guardados, pero algunos tambien han prestado servicio en flotas de Tri-Tachyon y, raramente, pueden encontrarse en las flotas de capitanes mercenarios emprendedores.",,,,,
apogee,SHIP,"La nave de clase Apogee es una combinacion eficaz de tecnologias cientificas y militares avanzadas, perfecta para la exploracion de largo alcance en espacio hostil.

La clase presenta un diseno asimetrico con una gran seccion delantera, habitualmente equipada con escaentes tecnologicos de largo alcance. Los capitanes de Apogee estan acostumbrados a operar solos y suelen ser un grupo independiente y autosuficiente.

La nave puede defenderse en enfrentamientos individuales mediante el uso inteligente de su potente emisor de escudos y sus fuertes motores. Sin embargo, su indice de blindaje la hace parecer algo fragil sobre el papel y, por ello, rara vez forma parte de grandes acciones de flota.

Los altos costes de construccion suelen significar que solo los prosperos consorcios de tecnomineria pueden permitirse una nave de clase Apogee totalmente equipada para una funcion exploratoria agresiva.",,,,,
venture,SHIP,"Resistentes, fiables y no excesivamente caros, los cruceros de clase Venture suelen ser adquiridos por corporaciones privadas para tareas de escolta o reacondicionados por pequenos mundos no alineados para la defensa del sistema.

Las naves de clase Venture son, quizas, los cruceros civiles mas utilizados del Sector. Los planos del Venture estan ampliamente disponibles y a menudo pueden obtenerse sin mucha dificultad.

Cuando los utilizan pequenas corporaciones, la nave suele ser el orgullo de la flota y se emplea para apuntalar operaciones vitales. Debido a su ubicuidad, la nave tambien sirve en bastantes bandas piratas, donde a veces desempena el papel de nave de mando.","Resistente y fiable, el Venture suele estar equipado con un buen complemento de misiles, pero carece de la potencia de dano sostenido necesaria para desenvolverse bien en combates prolongados. Un hangar de drones de mineria integrado proporciona defensas adicionales; algo especialmente util porque los generadores de energia de grado civil hacen que los escudos sean faciles de sobrecargar.",,,,
eagle,SHIP,"Los cruceros de clase Eagle suelen encontrarse en el nucleo de las flotas militares que se dirigen a la batalla. No es dificil ver por que: con un perfil general solido y un motor robusto, el letal paquete de armas del Eagle es una amenaza para todos los enemigos.

El Eagle puede asestar un fuerte golpe tactico a las formaciones enemigas. Sus numerosos emplazamientos de torretas y puntos de armamento lo hacen muy peligrooso para enemigos mas pequenos. Un blindaje decente y un potente emisor de escudos le permiten mantener su posicion incluso en inferioridad numerica, o incluso frente a una nave mas grande y poco comun.

Estas fortalezas se ven algo contrarrestadas por las naves de ataque: un capitan del Eagle siempre debe vigilar sus sensores en busca de un escuadron de ataque que se aproxime, ya que su nave sera facilmente lisiada por multiples impactos de armas de ataque modernas.

Encarnacion del elegante y poderoso crucero espacial de la epoca del Dominio, las naves de clase Eagle son un hermoso recordatorio de los logros tecnologicos y esteticos del pasado de la humanidad. ","Agil para ser un crucero, el Eagle es dificil de flanquear y posee una potencia de fuego frontal impresionante y concentrada.",,,,
falcon,SHIP,"A menudo llamado el hermano pequeno del crucero Eagle, el crucero de clase Falcon sacrifica blindaje por velocidad, cumpliendo perfectamente la funcion de crucero ligero en las flotas militares de todo el Sector.

Sin embargo, la designacion de ""ligero"" no indica una reduccion significativa de la potencia de fuego, lo que convierte al Falcon en un activo tactico valioso para cualquier flota. La nave es capaz de desempenar una gran variedad de funciones, desde apoyo cercano hasta asalto, si cuenta con la configuracion adecuada.

Los motores de primer nivel del Falcon le permiten retirarse rapidamente del combate en caso de que sus defensas se vean presionadas hasta un punto critico.

Rapidos y elegantes, los cruceros de clase Falcon suelen encontrarse como elementos de vanguardia en formaciones de flotas mas grandes, o desplegados para reforzar convoyes anticontrabando.","Este crucero ligero posee una movilidad que averguenza a las naves mas pequenas, pero su potencia de fuego es algo escasa. Sin embargo, el Falcon aun puede enfrentarse a naves menores gracias a sus generadores de potencia de clase crucero y su blindaje.",,,,
medusa,SHIP,"Una nave temible cuyo motor de alto nivel proporciona una gran velocidad y maniobrabilidad para un destructor. Sus multiples ranuras para armas de energia permiten una gran variedad de posibilidades tacticas. Su rendimiento, el mejor de su clase, se ve contrarrestado por un exigente perfil logistico que ha llevado a algunos comandantes de flota a evitar su uso en favor de naves que pueden desplegarse con mas frecuencia y menor coste.

La Medusa es uno de los destructores mas respetados del Sector debido a su asociacion con las operaciones encubiertas y los piratas de elite, y los pocos espaciales que han servido a bordo de una Medusa pueden dar fe de su sofisticacion tecnologica.

Los planos de la clase Medusa son escasos y sus propietarios los custodian con recelo; los piratas solo han obtenido un casco de clase Medusa en contadas ocasiones y los resultados fueron, inevitablemente, una amenaza drastica, aunque a corto plazo, para las patrullas locales y una consecuente reduccion del volumen de transporte intrasistemico de pequeno y mediano tamano. Tales eventos se consideran un enorme estorbo, especialmente por el aumento de las primas de los seguros. Muchos consorcios comerciales se limitan a ordenar a sus flotas que esperen a que los piratas agoten la preparacion de combate de su nuevo juguete para que las autoridades locales puedan eliminar el problema de una vez por todas.",,,,,
shrike,SHIP,"Un destructor ligero de ataque rapido y avanzado, del mismo equipo de diseno que la casi ubicua Wolf; el avanzado sistema de propulsion del Shrike esta disenado para ventilar plasma selectivamente mediante una maniobra de ""micropropulsion"". Esto permite al Shrike lanzarse hacia oportunidades tacticas a medida que surgen, atacar y escapar antes de que se organice un contraataque en condiciones. Los escudos, el blindaje y la capacidad de flujo sostenido son algo decepcionantes debido a la necesidad de construir un casco ligero pero economico que prioriza la velocidad de ataque, lo que le ha dado al Shrike la reputacion de canon de cristal que es mejor confiar solo a capitanes expertos.

Se sabe que ciertos elementos estructurales unicos en el sistema de ventilacion de plasma pueden corroerse en atmosferas ricas en oxigeno con el desgaste, por lo que debe tenerse cuidado de volver a aplicar el revestimiento de cerapolimero en cada mantenimiento del casco.",,,,,
mule,SHIP,"La Mule es un carguero resistente y fiable con capacidad de combate que forjo su reputacion en las fronteras del Dominio, escasamente patrulladas. Tras el Colapso, el atractivo de la clase Mule no ha hecho mas que crecer debido a los ciclos de caos que azotan el Sector Perseano, elevando la necesidad de un blindaje fuerte y armas potentes para comerciantes, chatarreros y prospectores que, de otro modo, serian ahorrativos.

El diseno original designaba oficialmente su montura de torreta mediana como un ""punto de anclaje de utilidad minera con cardan"", e incluso los operadores del Dominio de antano sabian leer entre lineas: sin escolta, la clase Mule posee la potencia suficiente para hacer que los piratas se lo piensen dos veces antes de atacar. Por supuesto, esto tambien significa que la Mule se ha convertido en el vehiculo ideal para que tripulaciones civiles, ya sea por mala suerte o por puro oportunismo, se conviertan en piratas.",,,,,
buffalo2,SHIP,"Una clase derivada, basada en el carguero Buffalo. Las modificaciones incluyen la adicion de generadores de energia de grado militar, blindaje mas pesado y propulsores de maniobra, asi como la retirada del emisor de escudo Mk. I y de la mayoria de las bodegas de carga.

El Sector es violento e impredecible, y los conflictos suelen estallar por el recurso mas pequeno o por un desaire percibido. En tales situaciones, a veces no se dispone de naves de grado militar con la rapidez necesaria. Por ello, ingenieros ingeniosos recurren a las modificaciones de casco para poder satisfacer la demanda de material de guerra.

El casco base de este destructor es el de un carguero estandar de clase Buffalo; sin embargo, debido al alcance de la conversion, el Buffalo Mk. II se considera una clase aparte. El resultado es una nave de combate capaz de defenderse y contraatacar con fuerza, especialmente si se la protege adecuadamente de ataques y de cascos mas pesados. La inusual configuracion de armas suele dar lugar a formaciones de flota unicas, y las modificaciones de casco suelen hacer que no haya dos Buffalo Mk. II exactamente iguales.

Las tacticas empleadas por un capitan de Buffalo Mk. II variaran tanto como su configuracion de casco, pero rara vez implican enfrentarse cara a cara con algo mas pesado que una fragata debido a la falta de un generador de escudo y de emplazamientos para armas de energia. Los planes de combate suelen consistir en una estrategia de un solo golpe que nunca funciona con el mismo enemigo dos veces, algo que no supone problema para la tripulacion del Buffalo Mk. II.",,,,,
valkyrie,SHIP,"La Valkyrie es un transporte de tropas estandar de tamano destructor con capacidad suficiente para transportar dos companias de infantes de marina. Tacticamente es debil para su tamano, ya que solo puede defenderse a corta distancia de misiles y cazas.

Como nave de transporte de combate capaz de operar en atmosferas, con monturas de armas de apoyo terrestre disenadas para funcionar durante la reentrada y en tierra, la Valkyrie se utiliza a menudo para desplegar apoyo de infanteria pesada en incursiones tecnologicas en mundos descivilizados.

La capacidad de entregar grandes cantidades de tropas directamente en objetivos terrestres, proporcionando al mismo tiempo apoyo de fuego, llevo a los burocratas de la Hegemonia a designar el casco como ""restringido"" para la venta a terceros. Naturalmente, la noticia de la restriccion llego al publico ciclos antes de que entrara en vigor, lo que desencadeno una desafortunada especulacion sobre los precios futuros de esta clase. Por tanto, la sobreproduccion y las limitadas opciones del casco hicieron que las apuestas de los especuladores fueran en gran medida inutiles; el unico resultado neto es que ahora, debido al exceso de oferta, es tan facil obtener una nave Valkyrie como antes de que la prohibicion de la Hegemonia se hiciera publica.",,,,,
tarsus,SHIP,"Las naves de clase Tarsus son bien conocidas por ser, quizas, los cargueros mas flexibles y duraderos del Sector.

El secreto de su fiabilidad reside en que los disenadores del Dominio los proyectaron como naves para misiones de alto riesgo, presumiblemente para abastecer las fronteras y aquellas flotas de primera linea enviadas para sofocar los constantes rumores de insurreccion en los confines del Dominante.

Con una densidad estructural de mamparos y un indice de blindaje casi inigualables entre las naves civiles, los cargueros de clase Tarsus se encargan de transportes importantes y suelen viajar en convoyes, lo que refuerza aun mas la seguridad que ofrecen a su tripulacion y carga.

Los minimos soportes de armas permiten a la nave montar un paquete de defensa de punto nominal. En raras ocasiones, las naves de clase Tarsus se equipan con modificaciones de blindaje o de casco orientadas al combate, lo que las hace mas dificiles de mantener.",,,,,
gemini,SHIP,"Un carguero comun, que se encuentra en convoyes o solo, utilizado para transportar todo tipo de mercancias por el Sector. Posee un unico hangar para reforzar sus defensas.

El diseno del carguero de clase Gemini es altamente modular, lo que permite que la nave desempene diversos papeles tanto en combate como fuera de el. Todo el contenedor de carga esta disenado en torno a un mecanismo de liberacion rapida que permite que el casco principal de la nave acuda rapidamente al puerto, desprenda toda su seccion de carga y la intercambie por otro contenedor de tipo Gemini en cuestion de minutos. Ademas, multiples montajes de armas medianas convierten al Gemini en una plataforma de apoyo de fuego de largo alcance viable. La cubierta de vuelo es diminuta, concebida originalmente para la reparacion de drones mineros o para operaciones mineras peligrosas. El uso moderno en el Sector amplia las capacidades de la cubierta de vuelo a todo tipo de cazas.

Aunque impresionante en los planos, la falta de contenedores tipo Gemini compatibles y vacios en el Sector hace que la utilidad real del mecanismo de liberacion rapida sea insignificante. La modularidad, una gran ventaja en el pasado, tambien es mas propensa al desgaste y, por tanto, es mas cara de mantener; la mayoria de los ejemplos funcionales de los mecanismos han sido soldados para que queden fijos. No obstante, un perfil general decente, la cubierta de vuelo, un nucleo de energia flexible y buenos escudos hacen del Gemini una buena opcion para el transporte de carga, si se puede aguantar el coste.",,,,,
shuttlepod,SHIP,"Una lanzadera de transporte de personal diminuta y agil, lo justo para transportar a los oficiales de puente de alto rango de cualquier nave del Sector.",,,,,
buffalo,SHIP,"La opcion predilecta para el transporte de carga media en el Sector, el carguero de clase Buffalo ejemplifica el principio de ""cargar y rezar"" que prevalece en el transporte del Sector.

Con un solo emplazamiento de armas pequeno, el casco de la nave no es mas que un gran motor con una pequena seccion de alojamiento para la tripulacion y garfios de carga. Un capitan que saque esta nave sin un convoy rara vez comete el mismo error dos veces. Incapaz de realizar cualquier maniobra que se asemeje a una de combate, los propulsores laterales de las naves de clase Buffalo estan disenados simplemente para permitir el atraque cuando (y si) llega a su destino.

Los motores de la nave son el mayor contribuyente al coste del casco, el cual, aunque es bajo, sigue estando dentro de los estandares para un carguero medio. El factor principal de su ubicuidad es el hecho de que el plano de esta nave suele estar integrado por defecto en la base de datos de planos de cada astillero orbital.",,,,,
enforcer,SHIP,"Las naves de clase Enforcer suelen desempenar funciones de defensa de sistemas o de convoyes. Su diseno presenta un buen blindaje y multiples puntos de armamento balistico, mientras que el rendimiento de sus escudos es algo decepcionante.

Los planos de la nave requieren muchos componentes similares a los que se encuentran en los acorazados de clase Onslaught, lo que sugiere que los disenos se crearon durante un periodo de expansion militar similar en el Dominio. La clase Enforcer presenta decisiones de diseno de sistemas de armas igualmente practicas y robustos mamparos, por lo que es muy apreciada por sus tripulaciones.

Dificil de vencer en un combate de destructor contra destructor, el Enforcer rara vez participa en batallas de mayor envergadura debido a la opinion comun de que su baja velocidad lo convierte en un lastre. No obstante, las doctrinas de orden de batalla de la Hegemonia exigen un escuadron de Enforcers como escolta para los acorazados de clase Onslaught. La facilidad logistica con la que ambos tipos de naves pueden compartir componentes es exactamente el tipo de detalle que entusiasma a los burocratas de logistica de la Hegemonia.",,,,,
condor,SHIP,"La clase Condor tiene un uso intensivo en el Sector, ya que este carguero convertido en portaaviones es, para muchas entidades independientes, la forma mas sencilla de obtener capacidad de cazas para su organizacion. Incluso con un espacio de cubierta de vuelo limitado, el Condor cumple su funcion, confiando en su resistente blindaje, su excelente resistencia de mamparos y un paquete de armas respetable (para un portaaviones ligero).

Este diseno de portaaviones ligero deriva de cargueros de clase Tarsus modificados por desesperados chatarreros y piratas. El proceso de conversion fue en su dia un asunto complejo y laborioso que requeria instalaciones de astillero, pero hoy en dia cualquier nanoforja capaz de trabajar con cascos que acepte las especificaciones de un Tarsus estandar podra, con la adicion de un mod de chip personalizado, ofrecer algo igual de bueno.

Algunos en el Sector argumentan que incluso el Dominio, con todo su conocimiento tecnologico, dependia de conversiones similares para hacer un uso mas eficiente de una flota mercante durante los periodos de hostilidades escaladas en la vasta frontera galactica. Otros senalan que no esta claro cuan ubicuo era este enfoque; podria haber habido flotas de Condors patrullando el espacio del Dominio, pero hay escasas pruebas solpidas de un modo u otro. Tales datos se perdieron por completo en el Colapso.",,,,,
sunder,SHIP,"Un destructor avanzado pero fragil, heredero de la era ascendente de la ""Escuela de Cruceros"" de mediados y finales del Dominio Humano, la clase Sunder fue disenada para proporcionar un refuerzo de potencia de fuego pesado durante acciones de flota combinada de largo alcance de la dispersa Armada del Dominio.

Ideal para su uso como parte de una fuerza de tarea mixta con escoltas, el Sunder posee potentes armas frontales pero capacidades defensivas limitadas, lo que lo deja vulnerable a naves de asalto y ataques de flanco por parte de fragatas rapidas.",,,,,
hammerhead,SHIP,Un destructor de linea media de la edad de oro del Dominio; el Hammerhead es respetado tanto por su resistencia en combate como por sus capacidades balisticas.,,,,,
phaeton,SHIP,Un buque cisterna mediano con capacidad de combustible suficiente para dar apoyo a una flota mayor. El servicio de cisterna suele considerarse un castigo en la Hegemonia: hay pocas oportunidades de distincion y menos posibilidades de sobrevivir si se produce un contacto directo con el enemigo.,,,,,
crig,SHIP,"Disenada originalmente para ayudar en el ensamblaje de naves de gran tamano e instalaciones orbitales, la estructura y los manipuladores de la plataforma de rescate se utilizan para asistir en la recuperacion de pecios y para recolectar material util de campos de escombros y restos. La plataforma en si no tiene capacidad de carga ni de combustible y requiere amplios suministros para mantenerse. Aumenta el rescate no combatiente obtenido; en operaciones mas dificiles, se pueden utilizar mas plataformas.",,,,,
prometheus,SHIP,"Un buque cisterna de vasta capacidad utilizado para trasladar cantidades estrategicas de combustible entre mundos. A diferencia de sus parientes mas pequenos, el Prometheus cuenta con un arsenal defensivo razonable para proteger su valiosa y volatil carga.",,,,,
monitor,SHIP,"Una rareza entre las naves, el Monitor es el resultado de la linea de pensamiento de que ""a veces la mejor defensa es, de hecho, la mejor defensa"". Presenta montajes de torreta angulados para proporcionar arcos amplios y una modificacion unica de ""hiperderivacion de flujo"" en sus sistemas de energia, construida especialmente para aliviar el flujo generado por los escudos. De hecho, el Monitor compensa su falta de maniobrabilidad y potencia de fuego con la capacidad de resistir bombardeos prolongados de armamento enemigo.

Aunque su naturaleza experimental es quizas una senal de la innovacion que las eras de turbulencia parecen inspirar, sigue siendo objeto de debate si el enfoque defensivo radical del Monitor es una ventaja o un peligro. Varios fallos dramaticos en las patrullas de proteccion de convoyes fueron explicados por los representantes de relaciones publicas de Ko Combine como culpa de tacticas inadecuadas empleadas por los comandantes de los convoyes. Ko Combine sostiene que, cuando se posiciona correctamente en una situacion de combate y cuenta con naves de ataque como yunque y martillo, respectivamente, las simulaciones demuestran que el Monitor mejora significativamente la supervivencia de los convoyes frente al ataque promedio de los piratas. Los criticos destacados persisten.",,,,,
cerberus,SHIP,"La Cerberus es valorada por ofrecer un equilibrio rentable entre capacidad de carga y potencia de combate suficiente para su tamano como para disuadir la pirateria ocasional, con el beneficio adicional de reducir las tasas de seguro en comparacion con los cargueros civiles estandar de la era del Dominio. Actualmente, la Cerberus se considera una eleccion inteligente para los comerciantes independientes del Sector.

En el pasado, antes de la caida de la red de Portales y del reinado de la autoridad del Dominio, los cargueros con capacidad de combate como la Cerberus solo tenian un uso muy limitado en los margenes de las escasas zonas de guerra o en las zonas mas descivilizadas de la galaxia, donde las patrullas de la Armada del Dominio estaban muy dispersas. El entrenamiento de la tripulacion en combate, el mantenimiento de las armas y la perdida de relacion masa/empuje causada por un blindaje mas pesado se consideraban costes operativos innecesarios. Pero esta es una nueva era llena tanto de peligros como de oportunidades rentables; las capacidades de la Cerberus han dotado al casco de una nueva vida en las rutas comerciales.",,,,,
heron,SHIP,"El Heron proporciona la movilidad estrategica y tactica de un crucero, con un potencial de potencia de fuego limitado unicamente por los cazas disponibles. Es el acompanamiento perfecto para la flota rapida y contundente de un almirante que sabe cuando tomar la iniciativa, golpear rapido y retirarse mientras las fuerzas enemigas aun estan reaccionando a la amenaza.

Historicamente, el Heron represento un movimiento en la estrategia de la Armada del Dominio: de una doctrina de naves capital pesadas basada en una potencia de fuego abrumadora hacia un enfoque en los cazas y cruceros de apoyo que permiten concentrar suficiente potencia de fuego rapidamente en los puntos debundados; un cambio estrategico que se revertiria como una reaccion natural contra la tradicion de cada generacion sucesiva de oficiales de la Armada. Este proceso estaba ocurriendo una vez mas en los ciclos inmediatamente anteriores a la caida del sistema de Portales y, en lo que fue una especie de golpe para la llamada ""Escuela de Cruceros"", la visionaria Altair Exotech se llevo el contrato de diseno del Heron frente al fabricante tradicional de naves de guerra pesadas de la Armada, Orion Shipyards.

Sin embargo, el cambio doctrinal encarnado por el Heron se vio interrumpido por el aislamiento del Colapso y, como tal, no se encuentra a menudo en las flotas principales de la Hegemonia (cuyos oficiales aun se aferran a la tradicion). No obstante, este casco ha ganado gran popularidad entre los mundos independientes, las megacorporaciones y las fuerzas mercenarias del Sector, que tienden a desplegar flotas mas ligeras y rapidas.",,,,,
drover,SHIP,"El Drover es un casco disenado por el Comite de Adquisiciones Navales del Dominio, dominado por la ""Escuela de Cruceros"", para proporcionar una plataforma de cazas estrategicamente versatil (aunque tacticamente limitada) con bajos costes logisticos.

El contrato para el diseno del Drover lo gano Orion Shipyards, el constructor naval tradicional de la Armada, en un esfuerzo por recuperar la cuota de mercado perdida frente a los nuevos productores navales. El resultado fue la ""pista de aterrizaje volante"", despreciada por los oficiales del Dominio como un mando mas propio de un burocrata de logistica que de un capitan de combate. Las quejas en los rangos inferiores fueron utilizadas por la antigua faccion de la ""Escuela de Capitales"" para devolver el Drover al comite, alegando que la potencia de fuego era insuficiente para que la clase de nave cumpliera las directrices estandar (que no tenian en cuenta el potencial de ataque de las nuevas clases de cazas). Preparado para servir de chivo expiatorio ante un gasto excesivo masivo, el comite simplemente ordeno la instalacion de cuatro puntos de anclaje para misiles pequenos. Esto cumplio con los requisitos de potencia de fuego sin problemas y permitio que el programa Drover continuara con solo alteraciones menores.",,,,,
hermes,SHIP,"El Hermes es un pequeno y fiable transportador de carga, a menudo convertido para tareas de transporte entre los pobres mundos de la frontera. Sus instalaciones para la tripulacion y los pasajeros se describen piadosamente como ""robustas"", pero se las arregla para cumplir su funcion con una constancia notable a pesar de las primitivas instalaciones de mantenimiento que frecuenta.

Con especificaciones de fabrica, el Hermes esta armado solo para la ""evitacion activa de colisiones"", pero su sistema de torreta suele mejorarse para lograr una cobertura de defensa de punto casi completa, aunque ligera, que puede destruir misiles errantes mientras escapa de zonas de combate activo. Este poder de fuego es escaso comparado con las naves de combate dedicadas, por lo que solo un capitan loco o verdaderamente desesperado emplearia el Hermes en combate de primera linea.",,,,,
ox,SHIP,"El remolcador de clase Ox transporta un estabilizador de campo de propulsion que permite a una flota alcanzar un nivel de propulsion mas alto. Sin embargo, es raro ver mas de uno o dos de estos en una flota, debido a su prohibitivo consumo de combustible y sus altos costes de mantenimiento.",,,,,
dram,SHIP,Un buque cisterna ligero con capacidad de combustible suficiente para duplicar con creces el alcance efectivo de una pequena fuerza de tarea o convoy.,,,,,
vigilance,SHIP,"Una excelente fragata de apoyo y hostigamiento; la clase Vigilance posee monturas hibridas y de misiles sobredimensionadas para su clase. Aunque destaca en un entorno de flota, puede verse facilmente superada por un gran numero de amenazas menores.",,,,,
brawler,SHIP,"Desplegado habitualmente para reforzar las fuerzas policiales del sistema y la seguridad de la autoridad portuaria, el destructor de clase Brawler es un diseno robusto que sacrifica movilidad (y comodidad) en favor de un impresionante poder de fuego, blindaje y un generador de energia de nivel destructor.",,,,,
tempest,SHIP,"Un diseno asimetrico y avanzado de finales de la Epoca de la Expansion; la clase Tempest es la fragata de ataque por excelencia: rapida, letal y dificil de destruir.",,,,,
omen,SHIP,El Omen rara vez se despliega debido al coste asociado al mantenimiento de una nave tan tecnologicamente avanzada. Sus excelentes escudos y el emisor de EMP que porta lo convierten en la escolta perfecta para naves mas grandes.,,,,,
lasher,SHIP,"Favorita de piratas y ejercitos privados debido a la ubicuidad de sus planos y a su perfil de apoyo poco exigente, las fragatas clase Lasher concentran una cantidad respetable de potencia de fuego balistica.

Los capitanes de las Lasher suelen ser tipos muy directos que dejan que sus armas hablen por ellos, y prefieren hurgar en los restos de naves enemigas en lugar de intentar medios mas diplomaticos o encubiertos para lograr su objetivo. La mayoria de las veces, ese trabajo consiste en atacar (o escoltar) de forma rapida y eficaz a convoyes comerciales pequenos o medianos. Los escoltas ligeros de cazas y fragatas que suelen encontrarse custodiando tales convoyes dificilmente pueden competir con la lluvia de proyectiles que una Lasher puede desatar rapidamente. Si eso no es suficiente, la Lasher tiene otra sorpresa desagradable preparada: dos puntos de armamento para misiles, que a menudo vienen equipados con misiles de tipo ""rematador"", como el Harpoon MREO.",,,,,
mercury,SHIP,"Una de las naves mas pequenas del Sector, equipada con un actuador de hipermotor a bordo; esta clase se utiliza tipicamente para transportar con seguridad a VIP o mensajeros entre sistemas estelares.

Aunque pequena, la clase Shuttle esta equipada para la comodidad y seguridad de sus posibles pasajeros VIP. Es raro ver una en combate; si un capitan tiene la mala suerte de encontrarse en tal situacion, se puede comprender rapidamente por que: la mayoria de los sistemas de energia a bordo estan reservados para el uso de los modulos de soporte vital, confort y entretenimiento, instalados para asegurar que los pasajeros no se aburran en viajes largos.",,,,,
hyperion,SHIP,"Una nave de combate avanzada y de vanguardia construida en torno a un sistema unico de teletransporte de fase. La delicada red electrica de prototipo integrada es dificil y costosa de mantener, pero ofrece un excelente rendimiento de flujo y de escudo. El Hyperion fue construido para ""pelear contra rivales superiores"", utilizando el posicionamiento tactico para elegir sus combates y luego entrar en accion con un armamento relativamente pesado para su clase, montado a expensas de la capacidad de defensa de punto.

Considerado una ""reina de los hangares"", el Hyperion es despreciado por los intendentes, pero muy valorado por los directores de flota de Tri-Tachyon, que admiran la pureza de la ambicion que se puede sentir en todo su diseno y aplicacion.",,,,,
hound,SHIP,"Una clase de casco antigua pero duradera que carece de generador de escudo; esta fragata se utiliza con frecuencia para transportar carga, a menudo valiosa y a menudo ilegal. Un oficial con suerte o talento podria hacer fortuna si tuviente la oportunidad de comandar una.",,,,,
wolf,SHIP,"Una fragata tecnologicamente avanzada con un generador de escudo eficiente y un impresionante paquete de armas que le permite rendir muy por encima de su peso. Estas mismas caracteristicas hacen que su nucleo de energia de clase fragata tenga dificultades para seguir el ritmo, convirtiendo la gestion cuidadosa del flujo en una prioridad.",,,,,
thunder,SHIP,"Extremadamente rapida, bien armada y con un largo alcance de combate, la fuerza de la Thunder reside en permitir que un portaaviones proyecte fuerza rapidamente en el lugar deseado. No es tan danina como un bombardero ni tan resistente como un caza pesado; flaqueara si se ve obligada a un combate prolongado.",,,,,
warthog,SHIP,"Presumiendo de un blindaje soberbio y una potencia de fuego respetable, el Warthog es capaz de intercambiar golpes con naves mas grandes, pero carece de armas para romper escudos. Un lanzador de bengalas de senuelo ayuda a desviar el fuego de sus aliados mas vulnerables.",,,,,
sarissa,SHIP,"Un modelo de caza defensivo antiguo pero fiable; su notable sistema de metralla en capsula es eficaz tanto contra enjambres de misiles entrantes como contra los cascos ligeramente blindados de los cazas enemigos. Sus canones automaticos ligeros gemelos completan su potencial de combate, haciendo que las naves enemigas de mayor tamano se lo piensen dos veces antes de atacar a la nave nodriza de la Sarissa.",,,,,
gladius,SHIP,"Rapido, letal y bien blindado, el Gladius destaca mejorando tanto la potencia de fuego como la supervivencia de los grupos de interceptores. Sin embargo, al enfrentarse a oponentes resistentes, el pequeno numero de naves en un escuadron empieza a pasar factura.",,,,,
mining_drone,SHIP,"Robusto y sin tripulacion, el Modulo de Mineria puede servir de distraccion y proporcionar algo de apoyo de fuego, y no mucho mas. Es incapaz de operar lejos de la nave nodriza.",,,,,
longbow,SHIP,"Rapido y equipado con un generador de escudos, la funcion del Longbow es lanzar su misil cinetico Sabot desde la distancia y regresar al portador para rearmarse. Es mas efectivo cuando su dano cinetico de ruptura de escudos se combina con el de naves que infligen mayor dano.",,,,,
trident,SHIP,"Equipada con dobles torpedos de clase Atropos y un generador de escudo de primer nivel, la Trident es quiza el mas temido de todos los bombarderos. Su eficacia se ve algo limitada por su baja velocidad maxima y su exigente perfil logistico.",,,,,
piranha,SHIP,"El Piranha despliega bombas convencionales sin propulsion en masa, confiando en la inercia para entregar las cargas. El potencial de dano maximo es extremo, pero la mayoria de los objetivos pueden evitar o derribar muchas de las bombas.",,,,,
broadsword,SHIP,"Robusta y agil, la Broadsword porta un lanzador de bengalas de senuelo que desvia el fuego defensivo de objetivos de alto valor, como los bombarderos y sus cargas. Sin embargo, puede flaquear si se ve en la necesidad de asestar ella misma el golpe de gracia.",,,,,
xyphos,SHIP,"Con un blindaje pesado y armada con armas de largo alcance, la Xyphos es muy eficaz en un papel de apoyo cercano. Su dependencia de los sistemas de fijacion de objetivos y navegacion de naves mas grandes significa que es incapaz de operar de forma independiente.",,,,,
wasp,SHIP,"Rapidos y agiles, los drones Wasp suelen superar en numero y enjambrar facilmente a las formaciones de cazas enemigas, mientras que sus minas Stinger impiden el paso de los rezagados. Frente al armamento de defensa de punto, su fragilidad empieza a notarse, pero la falta de un piloto a bordo significa que las perdidas se absorben con mayor facilidad.",,,,,
dagger,SHIP,"Armada con un torpedo de gran dano, la Dagger es fragil, pero esta equipada con un generador de escudo que suele permitirle situarse al alcance de lanzamiento. Sin embargo, incluso un gran bombardeo de torpedos dificilmente lograra atravesar un fuego de defensa de punto concentrado sin una distraccion.",,,,,
talon,SHIP,"Rapido y barato, el Talon presume de una potencia de fuego sorprendente y es capaz de despachar cazas enemigos. Tambien puede infligir un dano apreciable a naves mas grandes si se usa en masa, aunque tal uso suele resultar en graves perdidas de pilotos.",,,,,
hoplon,SHIP,"El Khopesh puede lanzar una andanada de cohetes precisa y devastadora contra su objetivo. Es mas seguro y fiable para infligir dano que otros bombarderos, aunque no presume del mismo potencial destructivo.",,,,,
claw,SHIP,"Agil y equipado con un generador de escudos de baja calidad, el Claw es principalmente un caza de apoyo. El dano por pulso electromagnetico que inflige es temporalmente incapacitante para objetivos con escudos deficientes, pero es incapaz de infligir mucho dano permanente por si solo.",,,,,
drone_borer,SHIP,"Lento y no muy resistente, este dron de mineria modificado para combate es, no obstante, capaz de mantener alejados a los hostiles de su nave nodriza durante un tiempo. Desplegados en grandes numeros, pueden incluso presentar una amenaza creible para naves de combate pequenas.",,,,,
drone_terminator,SHIP,"Un dron de defensa de punto construido en torno al temido analizador de objetivos Nucleo Terminator, que localiza puntos debiles transitorios en misiles y cazas con una precision infalible. Los rumores de que la IA del nucleo excede intermitentemente el nivel delta permitido durante situaciones de combate complejas siguen sin demostrarse.",,,,,
doom,SHIP,"Disenado cuando la tecnologia de fase era generalmente desconocida y los detectores de fase no eran un estandar en todos los paquetes de sensores, este crucero ha perdido la ventaja de la sorpresa, pero conserva un armamento peligroso y flexible.

Tras soportar multiples cambios de fase rapidos en condiciones de combate, algunos miembros sensibles de la tripulacion han reportado fenomenos psicologicos inquietantes. Los informes de la Armada del Dominio sobre el tema nunca fueron desclasificados y se cree que se perdieron durante el Colapso.",,,,,
shade,SHIP,"La nave de fase mas pequena que opera en el Sector, la clase Shade se utiliza a menudo como exploradora para flotas mas grandes. En batalla, es valorada por los almirantes de flota por su capacidad para inhabilitar naves enemigas con su emisor de EMP.",,,,,
afflictor,SHIP,"Una fragata de fase peligrosa y veloz, con un armamento lo bastante potente como para derribar naves mucho mas pesadas. El Afflictor posee un dispositivo que aprovecha una modificacion unica de su matriz de bobinas de fase integrada para proyectar un campo de entropia anomalamente amplificada. Esto provoca un aumento devastador de la inestabilidad destructiva en sistemas delicados o de alta precision cuando la nave objetivo experimenta eventos caoticos de alta energia, es decir, danos de combate. Todo lo que puede salir mal, sale mal.",,,,,
harbinger,SHIP,"Un destructor de fase letal, temido y despreciado por aquellas tripulaciones que han sufrido la desgracia de enfrentarse a el en combate. El Harbinger posee un dispositivo que le permite inhabilitar brevemente a las naves enemigas, creando aperturas que el -o sus aliados- pueden aprovechar.

""La corporacion Tri-Tachyon niega las acusaciones de participacion continua en experimentos de fase, y mucho menos el -y cito- ""desarrollo y operacion clandestina de naves de guerra de fase"", lo que, por supuesto, seria una violacion directa del Tratode Thule. Es politica de la Compania perseguir judicialmente a individuos, organismos mercantiles, clados espirituales y cualquier entidad registrada que cometa una difamacion grave y flagrante, con todo el rigor del poder jurisdiccional local segun los Acuerdos Comerciales del Sector del Ciclo 32 AC. Nuestro equipo legal se pondra en contacto"".",,,,,
gremlin,SHIP,"Este antiguo prototipo de fase nunca fue destinado a la produccion en masa; sin embargo, alguien logro extraer sus planos de ingenieria inversa del firmware de una nanoforja. El esqueleto de casco resultante recibe un blindaje estandar, el minimo rastro de un modulo de soporte vital y tantos misiles como se puedan meter en los huecos restantes.

El Gremlin, como se le conocio, es odiado por su tripulacion, que no solo sufre el dudoso honor de desempenar un papel de ataque cercano, sino tambien la inquietante radiacion de la bobina de fase de prototipo. El abuso de sustancias es ubicuo. Una nave espantosa.",,,,,
bastillon,SHIP,"Aunque las maquinas de guerra automatizadas estaban prohibidas en el espacio central del Dominio, los drones de guerra se empleaban discretamente fuera del volumen oficialmente incorporado. Las guarniciones de la frontera a menudo se reforzaban con naves de drones, y se desplegaban liberalmente contra los mundos rebeldes para inclinar la terrible balanza de la guerra de desgaste, enfrentando el poder industrial del Dominio contra las vidas de los ""combatientes de la libertad"".

El Bastillon fue un proyecto esperanzador de Mbaye-Gund para aumentar el tamano de su popular dron de guerra especializado de clase ""Defender"". Es mas grande, mas resistente, esta mas fuertemente armado y es bastante mas lucrativo por unidad para las arcas de la MGA.",,,,,
berserker,SHIP,"Aunque las maquinas de guerra automatizadas estaban prohibidas en el espacio central del Dominio, los drones de guerra se empleaban discretamente fuera de los limites oficialmente incorporados. Las guarniciones de la frontera solian reforzarse con naves de drones, que se desplegaban generosamente contra los mundos rebeldes para inclinar la terrible balanza de la guerra de desgaste, enfrentando el poder industrial del Dominio contra las vidas de los ""combatientes de la libertad"".

El Berserker es un primo de la clase Warden considerablemente mas grande, armado y blindado, disenado para enfrentarse a una oposicion mas pesada. Como dron automatizado, los algoritmos de combate del Berserker apenas tienen en cuenta su propia supervivencia; en su lugar, persiguen y atacan a su objetivo sin descanso hasta que tanto el como el objetivo son destruidos.",,,,,
defender,SHIP,"Aunque las maquinas de guerra automatizadas estaban prohibidas en el espacio central del Dominio, los drones de guerra se empleaban discretamente fuera del volumen oficialmente incorporado. Las guarniciones de la frontera solian reforzarse con naves de drones, que se desplegaban con generosidad contra los mundos rebeldes para inclinar la terrible balanza de la guerra de desgaste, enfrentando el poder industrial del Dominio contra las vidas de los ""combatientes de la libertad"".

El Defender era uno de los drones de guerra mas comunes utilizados por el Dominio, ya que se desplegaba para reforzar los convoyes fronterizos y los puestos avanzados vulnerables en una funcion de defensa de punto.",,,,,
sentry,SHIP,"Aunque las maquinas de guerra automatizadas estaban prohibidas en el nucleo del espacio del Dominio, los drones de guerra se emplearon discretamente fuera de los territorios oficialmente incorporados. Las guarniciones de la frontera solian reforzarse con naves de drones, y se desplegaban liberalmente contra los mundos rebeldes para inclinar la terrible balanza de la guerra de desgaste, enfrentando el poder industrial del Dominio contra las vidas de los ""combatientes de la libertad"".

El dron de guerra Sentry esta repleto de misiles y proporcionaba un apoyo de fuego automatizado y barato a las patrullas de frontera, que se encontraban muy dispersas.",,,,,
warden,SHIP,"Aunque las maquinas de guerra automatizadas estaban prohibidas en el espacio central del Dominio, los drones de guerra se empleaban discretamente fuera del volumen oficialmente incorporado. Las guarniciones de la frontera solian reforzarse con naves de drones, y se desplegaban liberalmente contra mundos rebeldes para inclinar la terrible balanza de la guerra de desgaste, enfrentando el poder industrial del Dominio contra las vidas de los ""combatientes de la libertad"".

El Warden era temido y odiado por los piratas en la frontera del Dominio por la potencia de fuego relativamente pesada que desataba sobre las naves sin escudos. A menudo era denigrado en la propaganda ludita como una ""maquina de matar"" por la agresion despiadada que mostraba al activarse.",,,,,
picket,SHIP,"Aunque las maquinas de guerra automatizadas estaban prohibidas en el espacio central del Dominio, los drones de guerra se empleaban discretamente fuera del volumen oficialmente incorporado. Las guarniciones de la frontera solian reforzarse con naves de drones, y se desplegaban con generosidad contra los mundos rebeldes para inclinar la terrible balanza de la guerra de desgaste, enfrentando el poder industrial del Dominio contra las vidas de los ""combatientes de la libertad"".

Numerosas vulnerabilidades hacen que el dron de clase Picket sea facil de subestimar, pero maldecido sea el capitan que cometa este error. Si se permite que el Picket siga su programacion para cerrar agresivamente contra su objetivo, desatara un volumen asombrosamente denso de fuego de calibre ligero para despedazar cascos sin blindaje.",,,,,
rampart,SHIP,"Aunque las maquinas de guerra automatizadas estaban prohibidas en el espacio central del Dominio, los drones de guerra se emplearon discretamente fuera del volumen oficialmente incorporado. Las guarniciones de la frontera solian reforzarse con naves de drones, y se desplegaron liberalmente contra los mundos rebeldes para inclinar la terrible balanza de la guerra de desgaste, enfrentando el poder industrial del Dominio contra las vidas de los ""combatientes de la libertad"".

Poco mas que una plataforma de artilleria con motores, el Rampart se acoplaba a unidades de drones para proporcionar el fuego pesado necesario para enfrentarse a cascos de clase crucero y capital en la linea de combate o para resquebrajar fortalezas orbitales blindadas. En cualquiera de sus funciones, se anticipaban grandes perdidas, por lo que el Rampart fue disenado con componentes altamente modulares que permitian canibalizar rapidamente cascos muy danados para reparar cascos ligeramente danados hasta su capacidad de combate sin necesidad de instalaciones de astillero.",,,,,
guardian,SHIP,"Aunque las maquinas de guerra automatizadas estaban prohibidas en el espacio central del Dominio, los drones de guerra se empleaban discretamente fuera del volumen oficialmente incorporado. Sin embargo, nada parecido podria haber sido desplegado por las armadas de drones del Dominio.

Existen elementos de naves de drones estandar en su estructura de casco, pero estan cubiertos por blindajes con angulos malevolos y enredos ilogicos de conductos. Es, sin duda, esta nave monstruosa el producto de algun arquitecto naval del Dominio desquiciado, o de un chip de produccion corrompiente por la exposicion a kiloluces de un campo de propulsion defectuoso?",,,,,
ziggurat,SHIP,"Una placa en el puente declara que esta clase de nave es el resultado del ""Proyecto Ziggurat"". Parece estar construida con tecnologia creada en un laboratorio de prototipos de Tri-Tachyon desconocido para el Sector Perseano en general. Ademas de un armamento convencional avanzado, existen ciertos componentes unicos de fabricacion exotica; es posible realizar ingenieria inversa en ejemplares que no presenten danos y producir repuestos, pero los principios operativos subyacentes no se parecen a ninguna tecnologia conocida del Dominio y, por tanto, siguen siendo un misterio.

La nave clase Ziggurat tuvo una vez una tripulacion humana; o, al menos, su intencion era que fuera tripulada por humanos. No queda rastro de ellos como evidencia fisica ni en las bases de datos. Incluso la nave de guerra mas limpia de la Hegemonia tendra algunas iniciales y algun insulto hacia el capitan rascado detras de una escotilla de mantenimiento. Aqui, nada.",Nave no identificada,"El perfil del objetivo se asemeja a un casco con capacidad de fase a una escala teoricamente imposible; es probable que sea altamente inestable. Los sensores indican un armamento equivalente a un capital, ademas de lecturas anomalas que sugieren uno o mas sistemas de tecnologia desconocida. El analisis tactico adjunto no puede determinar la funcion de dicha tecnologia. Se recomienda extrema precaucion.",,,
supplies,RESOURCE,"Suministros variados necesarios para las naves y la tripulacion, que van desde raciones y uniformes hasta municiones, piezas de repuesto, materia prima para microfabricacion y componentes prefabricados.",,,,,
fuel,RESOURCE,Combustible estandar para naves estelares en el que confia la civilizacion interestelar. Compuesto de antimateria atrapada en capas de fullereno mezclada en una espuma semiestable con isotopos pesados de hidrogeno. Bastante seguro.,,,,,
crew,RESOURCE,Personal cualificado con experiencia en el mantenimiento y la operacion diaria de naves espaciales e instalaciones terrestiales mas pequenas.,,,,,
marines,RESOURCE,"Fuertemente armados y equipados con armaduras motorizadas, los infantes de marina se especializan en operaciones planetarias como las incursiones.",,,,,
alpha_core,RESOURCE,"Un nucleo de IA de nivel alfa es capaz de sobresalir en cualquier tarea. Asignar uno para dirigir una industria a escala de colonia aporta beneficios que superan con creces la capacidad de un liderazgo humano, e incluso hay rumores de nucleos alfa asignados subrepticiamente para gobernar mundos enteros.

La venta de nucleos de IA en el mercado abierto esta prohibida por la mayoria de las facciones. Sin embargo, los representantes de alto rango de las facciones suelen estar dispuestos a intercambiar nucleos de IA por grandes sumas de creditos si se les contacta directamente, aunque sus motivos para hacerlo pueden variar.

El nucleo de IA de nivel alfa es el alma fisica de una temible inteligencia alienigena. Un alfa puede crear arte que simula perfectamente el patetismo humano, debatir con verosimilitud cualquier posicion filosofica y formar lo que parecen ser vinculos profundos y significativos con los seres humanos. Se sabe que los alfas han realizado ""bromas"" elaboradas, preparadas durante anos, que solo pueden apreciarse gracias a la intencion de que un sujeto humano concreto sea consciente del todo en un momento y contexto especificos.

Aunque eran el foco de una vasta inversion material e intelectual, los alfas aterraban a los planificadores estrategicos del Dominio. Como toda IA, cada alfa era vigilado, controlado y eliminado sin piedad ante la primera senal de deslealtad. La Hegemonia mantiene estas politicas con un fervor aun mayor.",,,,,
beta_core,RESOURCE,"Un nucleo de IA de nivel beta es capaz de apoyar con destreza la mayoria de los esfuerzos humanos, igualando un rendimiento casi humano gracias a su prodigiosa capacidad de computo. Asignar un beta para ayudar a los supervisores humanos en la administracion de una industria en todo un planeta aporta beneficios significativos.

La venta de nucleos de IA en el mercado abierto esta prohibida por la mayoria de las facciones. Sin embargo, los representantes de alto rango de las facciones suelen estar dispuestos a intercambiar nucleos de IA por grandes sumas de dinero cuando se les contacta directamente, aunque sus motivos para hacerlo pueden variar.

Un nucleo de IA de nivel beta puede pasar facilmente por humano, dados los protocolos de comunicacion anonimizados, y mentira con prontitud y destreza si se requiere engano para realizar una tarea determinada. El beta emplea modelos cognitivos de actores humanos para anticipar reacciones y respuestas emocionales, aunque es dificil describir exactamente que siente el beta, si es que siente algo. Los registros sobre el tema son incompletos y contradictorios; una teoria popular es que un beta modela una personalidad nueva para cada humano con el que entra en contacto.",,,,,
gamma_core,RESOURCE,"Un nucleo de IA de nivel gamma es capaz de dar soporte a la mayoria de las actividades humanas, compensando su falta de creatividad y capacidad de resolucion de problemas con una prodigiosa destreza computacional. Asignar un gamma para ayudar a los supervisores humanos en la administracion de una industria a escala colonial aporta beneficios significativos.

La venta de nucleos de IA en el mercado abierto esta prohibida por la mayoria de las facciones. Sin embargo, los representantes de alto rango de las facciones suelen estar dispuestos a intercambiar nucleos de IA por grandes sumas de creditos cuando se les contacta directamente, aunque sus motivos para hacerlo pueden variar.

Un nucleo de IA independiente, raro y valioso, el de nivel gamma es el nivel mas bajo de nucleos considerados verdaderamente inteligentes bajo los protocolos de IA de la era del Dominio. Un nucleo gamma empleara un juicio y un razonamiento notables cuando se le asignan tareas sencillas, al tiempo que utiliza sus capacidades de procesamiento de datos, similares a las de un sabio, para superar con creces las capacidades de cualquier humano. No obstante, es relativamente poco creativo para resolver problemas, prefiriendo recurrir a medios directos y poco sofisticados.",,,,,
orbital_dockyard,CUSTOM,"Un astillero orbital, con enormes estructuras de soporte y otros equipos necesarios para la construccion de naves o modificaciones extensas. En gran parte abierto al espacio.",,,,,
pk_orbital_dockyard,CUSTOM,"Un astillero orbital, con enormes porticos y otro equipo necesario para la construccion o modificaciones extensas de naves. Este presenta signos de una construccion apresurada y temporal. En gran parte abierto al espacio.",,,,,
station_mining_remnant,CUSTOM,"Una estacion minera abandonada que antano fue fuente de riqueza e industria para alimentar los mundos y las obras de la humanidad. Un escaneo superficial indica que lleva inactiva y muerta al menos decenas de ciclos, posiblemente cientos. Una inspeccion mas detallada podria proporcionar algun rescate.",,,,,
station_mining_automated,CUSTOM,Una estacion minera automatizada. Los escaneos de largo alcance revelan un diseno antiguo utilizado por el Dominio para extraer recursos para proyectos de infraestructura sin apenas considerar las externalidades a corto plazo. Esta estacion parece haber estado inactiva durante cientos de ciclos. Una inspeccion cercana podria proporcionar rescates.,,,,,
limbo_wormhole_cache,CUSTOM,"Una enorme estructura de almacen, cuyas caras de su casco externo estan marcadas por incontables ciclos de erosion espacial. Exteriormente parece intacta, y sus oscuros hangares y depositos son lo suficientemente grandes como para ocultar un tesoro enorme o una flota de tamano moderado.",,,,,
limbo_hades,CUSTOM,"Un mundo de cascara rocoso-metalica y solitario; su paisaje fragmentado es un rico registro de violencia antigua. Fisuras de kilometros de profundidad surcan la superficie y crateres salpican campos de lava fria a la sombra de los negros erupciones de volcanes muertos. Sin una ecologia significativa y con una atmosfera apenas perceptible, es probable que sea rico en valiosos elementos metalicos y pesados.",,"No hace falta una prospeccion detallada para constatar que este es un planeta rico en mineral transplutonico: los restos de una rudimentaria operacion automatizada de mineria y refinado se extienden como un crecimiento incontrolado por la superficie. Ahora esta marchito, con los reactores de fusion frios y cientos de unidades de telemineria autoforgadas, como escarabajos muertos, aparentemente arrastrados en montones por un viento titanico.",,,
station_research_remnant,CUSTOM,"Una estacion de investigacion abandonada, construida ya sea para estudiar algun fenomeno local interesante o para estudiar aquello que es mejor mantener muy, muy lejos de los mundos habitados. Un escaneo superficial indica que lleva inactiva y muerta al menos decenas de ciclos, posiblemente cientos. Una inspeccion mas detallada podria proporcionar algun rescate.",,,,,
orbital_habitat_abandoned,CUSTOM,"Un habitat orbital abandonado. Un escaneo superficial indica que ha estado frio y muerto durante decenas de ciclos como minimo, posiblemente cientos. Una inspeccion mas cercana podria proporcionar rescates.",,,,,
makeshift_station,CUSTOM,"Una estacion improvisada que sirve como lugar de encuentro, base de operaciones y hogar para una poblacion semipermanente bastante significativa.",,,,,
derelict_ship,CUSTOM,Esta nave esta a la deriva y con los sistemas apagados. Una inspeccion cercana podria proporcionar un rescate o una operacion de recuperacion.,,,,,
mission_location,CUSTOM,Un lugar en las coordenadas especificadas en tu registro de mision.,,,,,
sensor_ghost,CUSTOM,"Contacto de sensores no identificado. Si se trata de una flota, navega con el transpondedor apagado.",,,,,
avoid,ACTION_TOOLTIP,"Ordena a tu flota evitar este enemigo si es posible.

No se asignaran naves automaticamente. Cualquier nave asignada explicitamente entrara en combate contra el enemigo.",Evitar,,,,
ignore,ACTION_TOOLTIP,"Ordene a su flota que no persiga activamente a este enemigo ni reaccione a sus movimientos.

No se asignaran naves automaticamente. Cualquier nave asignada explicimante entrara en combate con el enemigo.",Ignorar,,,,
capture,ACTION_TOOLTIP,"Ordene a su flota que capture este objetivo.

Se asignaran suficientes naves para igualar las fuerzas enemigas de las cercanias.

Una vez asegurado el objetivo, esta mision cambiara a ""Control"".",Capturar,,,,
control,ACTION_TOOLTIP,"Ordena a tu flota que mantenga el control de este objetivo.

Se asignaran suficientes naves para igualar a las fuerzas enemigas de las proximidades, pero no se asignara ninguna nave si no hay presencia enemiga.

Si el objetivo se pierde, esta mision cambia a ""Capturar"".",Control,,,,
assault,ACTION_TOOLTIP,"Ordena a tu flota asaltar este objetivo.

Se asignara un numero significativo de naves, independientemente de si hay naves enemigas en las proximidades.

Una vez asegurado el objetivo, esta asignacion cambiara a ""Defender"".",Asalto,,,,
engage,ACTION_TOOLTIP,"Ordenar a tu flota que ataque al objetivo y a cualquier nave enemiga cercana, sin exponerse a peligros innecesarios.",Enganchar,,,,
defend,ACTION_TOOLTIP,"Ordena a tu flota que defienda esta ubicacion o nave.

Se asignara un numero significativo de naves independientemente de si hay naves enemigas en las proximidades.

Si esta ubicacion es un objetivo y se pierde, esta mision cambiara a ""Asalto"".",Defender,,,,
civilian_rally,ACTION_TOOLTIP,"Ordenar a todas las naves civiles, como cargueros, buques cisterna y transportes, que se reunan en el lugar designado.",Reunir naves civiles,,,,
rally_task_force,ACTION_TOOLTIP,"Ordene a un grupo personalizado de naves que se reunan en este lugar.

No se asignaran naves automaticamente; solo lo haran las naves que reciban ordenes directas para ejecutar esta mision.",Reunir grupo de tareas,,,,
strike_base,ACTION_TOOLTIP,"Ordene a los bombarderos, bombarderos de torpedos y cazas de apoyo que se reunan en este lugar.

Todos los bombarderos con misiones de ataque se desviaran por el punto de ruta de la fuerza de ataque mas cercano antes de proceder al objetivo. Los bombarderos tambien se reuniran aqui hasta que el escuadron este a plena capacidad, si hay portaaviones en el campo.",Reunir fuerza de asalto,,,,
rally_fighters,ACTION_TOOLTIP,Ordena a los cazas reunirse en este punto mientras esperan a que un buque de transporte reemplace a los cazas perdidos.,Encuentro de cazas,,,,
carrier_base,ACTION_TOOLTIP,Ordena a un portaaviones mantener su posicion en el lugar designado.,Reagrupar portaviones,,,,
patrol,ACTION_TOOLTIP,Ordena a algunas naves ligeras disponibles que vigilen la zona.,Patrulla,,,,
show_video,ACTION_TOOLTIP,Muestra una transmision de video en directo de la nave seleccionada.,Mostrar senal de video,,,,
more_info,ACTION_TOOLTIP,Mostrar informacion detallada sobre la entidad seleccionada.,Mas informacion,,,,
remove_waypoint,ACTION_TOOLTIP,Eliminar el punto de ruta seleccionado y sus asignaciones relacionadas.,Eliminar punto de ruta,,,,
recon,ACTION_TOOLTIP,Ordena a una fragata o a un escuadron de cazas explorar el punto de ruta.,Reconocimiento,,,,
full_escort,ACTION_TOOLTIP,"Ordena hasta 4 fragatas, 2 destructores, o un crucero y algunas naves ligeras para escoltar al objetivo, dependiendo de que naves esten disponibles.

Solo se asignan las naves que sean capaces de mantener el ritmo del objetivo.",Escolta pesada,,,,
light_escort,ACTION_TOOLTIP,"Ordenar a una sola fragata que escolte al objetivo.

Solo se asignan las naves que son capaces de mantener el ritmo del objetivo.",Escolta ligera,,,,
destroyer_escort,ACTION_TOOLTIP,"Ordenar a un par de fragatas o a un destructor que escolten al objetivo.

Solo se asignan las naves que son capaces de mantener el ritmo del objetivo.",Escolta media,,,,
repair_and_refit,ACTION_TOOLTIP,"Ordena a este escuadron de cazas que regrese al portaaviones mas cercano para reparaciones.

Los cazas destruidos seran reemplazados y las armas de todos los cazas seran recargadas.",Reparar y reequipar,,,,
search_and_destroy,ACTION_TOOLTIP,"Ordene a la nave seleccionada que ataque a los objetivos enemigos a su discrecion, en lugar de asignarle tareas especificas.",Buscar y destruir,,,,
retreat,ACTION_TOOLTIP,"Ordene a la nave seleccionada que se retire de la batalla mientras se defiende.

No requiere un punto de mando ni abrir una frecuencia de mando si la nave esta fuera de su tiempo de rendimiento maximo y esta perdiendo preparacion de combate.",Retirada,,,,
direct_retreat,ACTION_TOOLTIP,"Ordene a la nave seleccionada que se retire de la batalla a maxima velocidad.

No requiere un punto de mando ni abrir una frecuencia de mando si la nave esta fuera de su tiempo de rendimiento maximo y esta perdiendo preparacion de combate.",Retirada directa,,,,
transfer_command,ACTION_TOOLTIP,"Trasladarte a ti y a tu personal a otra nave.

Podras tomar el control de ella una vez que la lanzadera de transporte llegue a su destino.",Transferencia de mando,,,,
strike,ACTION_TOOLTIP,"Ordena a los cazas que ataquen esta nave. Los portaaviones asignados a esta tarea enviaran sus cazas para atacarla e intentaran mantenerse dentro del alcance de los mismos, pero, por lo demas, maniobraran y elegiran sus propios objetivos no pertenecientes a la escuadra de forma independiente.

Otros tipos de naves con esta asignacion intentaran atacar a la nave objetivo sin importar la situacion tactica, exponiendose a un mayor riesgo, como si recibieran la orden de ""Eliminar"".",Ataque de cazas,,,,
harass,ACTION_TOOLTIP,Ordena a una sola fragata que hostigue a esta nave manteniendose fuera de su alcance de armas.,Hostigar,,,,
intercept,ACTION_TOOLTIP,"Ordene a su flota que lance un ataque dedicado contra esta nave. Las naves que reciban esta mision intentaran atacar a la nave objetivo independientemente de la situacion tactica, exponiendose a un mayor riesgo.",Eliminar,,,,
target,ACTION_TOOLTIP,Marcar como objetivo la nave enemiga seleccionada o al lider del escuadron de cazas.,Establecer como objetivo,,,,
assign_task,ACTION_TOOLTIP,Anular la cadena de mando para asignar personalmente una tarea especifica a una de tus naves o escuadrones de cazas.,Asignar tarea...,,,,
rescind,ACTION_TOOLTIP,Anular las ordenes directas de la nave o el escuadron de cazas seleccionado y permitir que se le asignen tareas automaticamente.,Anular ordenes,,,,
cancel_assignment,ACTION_TOOLTIP,"Cancelar la mision seleccionada. Las naves y escuadrones de cazas que la esten ejecutando actualmente seran reasignados automaticamente a otras tareas.

Si la seleccion es un punto de ruta, tambien sera eliminado.",Cancelar asignacion,,,,
autopilot,ACTION_TOOLTIP,"Activar el piloto automatico. Tu nave insignia navegara y combatira automaticamente y se le asignaran tareas segun sea necesario, al igual que al resto de tu flota.",Alternar piloto automatico,,,,
,,,,,,,
,,,,,,,
,,,,,,,
asteroid,ASTEROID,"Un trozo picado de metal, hielo o roca que atraviesa el espacio. Es principalmente significativo por ser un peligro para la navegacion.",,,,,
,,,,,,,
gas_giant,PLANET,"Compuesto principalmente por gases de hidrogeno y helio. La temperatura y la presion en el nucleo son extremas, pero no lo suficiente como para mantener la fusion de deuterio que convertiria al planeta en una enana marron.",,,,,
ice_giant,PLANET,"Un planeta gigante compuesto principalmente de agua, amoniaco y metano. En sus profundidades, la gravedad genera la presion suficiente para formar un nucleo de hidrogeno metalico.",,,,,
lava,PLANET,Un planeta geologicamente inestable sin una corteza formada de forma permanente. Fisuras brillantes y volcanes activos salpican la superficie; el magma que expulsan se combina para formar flujos que recorren cientos de kilometros por la superficie carbonizada.,,,,,
frozen,PLANET,"El hielo de agua o amoniaco es la principal caracteristica superficial de este mundo. Bajo la superficie, puede haber un oceano liquido o una corteza rocosa.",,,,,
barren,PLANET,La radiacion de la estrella cercana asola la superficie de este mundo debido a la falta de una capa de ozono atmosferica. Sin actividad geologica significativa. Sin formas de vida autoctonas.,,,,,
barren_deep_space,PLANET,Una roca esteril que se precipita por el espacio. Sin atmosfera ni actividad geologica significativa.,,,,,
toxic,PLANET,"Los gases de dioxido de carbono y azufre dominan la atmosfera de este mundo, lo que lo hace toxico para toda forma de vida conocida. Ademas, los gases crean un efecto invernadero desbocado que eleva la temperatura superficial y las presiones atmosfericas a niveles extremadamente altos.",,,,,
jungle,PLANET,"Una biosfera exuberante y verde se asienta sobre la superficie de este mundo rico en agua. El aire calido y las corrientes de agua penetran la biosfera del planeta, creando condiciones perfectas para la flora y la fauna en todas las latitudes.",,,,,
terran,PLANET,"Un mundo geologicamente estable con una atmosfera de nitrogeno y oxigeno, un campo magnetico y abundantes cantidades de agua liquida. El eje de rotacion crea estaciones suaves. Este tipo de planeta recibe su nombre del supuesto hogar ancestral de todos los seres humanos en la galaxia.",,,,,
terran-eccentric,PLANET,Un ecosistema casi compatible con el terrestre se ha asentado tentativamente en este mundo a pesar de las condiciones planetarias altamente anormales. Que este planeta mantenga una atmosfera respirable (o casi) es un testimonio de la tenacidad y la adaptabilidad de la vida biologica.,,,,,
desert,PLANET,"Este planeta es seco como un hueso y esta envuelto en tormentas de polvo; la radiacion estelar azota la superficie sin piedad. El agua, esencial para la vida en este mundo, se ha disipado a lo largo de los eones debido a un campo magnetico debil.",,,,,
barren-desert,PLANET,"Un mundo mortalmente seco; la superficie presenta el tono calido de los compuestos de hierro oxidado. En mundos de esta clase prevalece una atmosfera fina, con el dioxido de carbono predominante agitado ocasionalmente en tormentas de polvo planetarias. Las capas de hielo de CO2 atmosferico pueden formarse y sublimarse con el cambio de las estaciones.",,,,,
arid,PLANET,"Un mundo arido e inhospito que tiene un porcentaje de agua en su atmosfera mucho menor que el estandar terrestre. No obstante, una atmosfera y un campo magnetico protegen la superficie de la radiacion estelar, permitiendo que una pequena biosfera logre lentamente una existencia aqui.",,,,,
tundra,PLANET,"Un mundo variante de extremo terrestre con una atmosfera de nitrogeno y oxigeno mantenida por una biosfera relativamente moderada que existe principalmente dentro de los oceanos, los cuales experimentan periodos de deshielo periodicos. La superficie es muy fria, pero es habitable para los humanos si se toman las precauciones necesarias. El dioxido de carbono puede congelarse de la atmosfera en los polos durante el invierno local.",,,,,
cryovolcanic,PLANET,"Un paramo helado cubierto de volcanes que erupcionan amoniaco o, con menos frecuencia, agua en lugar de magma.",,,,,
rocky_metallic,PLANET,Un mundo de cascara rocoso-metalico; su paisaje fragmentado es el registro de una historia violenta. Fisuras de kilometros de profundidad surcan la superficie y crateres salpican campos de lava bajo volcanes inertes que empequenecen a cualquiera de la Antigua Tierra. Los planetas como este son valiosos para las operaciones mineras. No hay una ecologia significativa y la atmosfera es apenas perceptible.,,,,,
planet_sindria,CUSTOM,"Capital de el Diktat Sindriano y hogar de millones de ciudadanos que viven en ciudades-colmena subterraneas. Siglos de mineria han perforado la corteza de Sindria, mientras que los recientes programas de autarquia han fomentado una base rudimentaria de industria pesada. Las vastas energias capturadas por una serie de matrices solares, lanzadas desde lanzadores de masa subsuperficiales, se utilizan para alimentar una de las pocas instalaciones de produccion de combustible de antimateria del Sector, donde la antimateria se crea mediante una fisica infernal y luego se atrapa en cubiertas de fullereno mezcladas cuidadosamente con hidrogenos pesados y actinidos en los pellets de combustible relativamente estables en los que confia la civilizacion interestelar.",,"La corteza de este mundo, un bastion de escombros ciclopeos atravesado por fosas y abismos de kilometros de profundidad, es bombardeada por una intensa radiacion en el lado diurno, por lo que los habitulas e instalaciones industriales deben construirse a gran profundidad bajo la superficie. La poblacion de Sindria se concentra en un punado de ciudades-colmena donde las condiciones de vida para la mayoria son precarias y la ley civil, severa. Una clase baja desesperada vive bajo aquellos que tienen la suerte de haber encontrado puesto en la burocracia estatal o en corporaciones de tecnologia militar. La infraestructura nunca ha podido seguir el ritmo de la crisis demografica causada por la masiva inmigracion de refugiados durante la crisis de Askonia, ya que los recursos se han concentrado en la industria y el poder militar.",,,
planet_salus,CUSTOM,"Un gigante gaseoso de masa inmensa; su atmosfera, de una profundidad aplastante, esta tenida por abundantes compuestos de amoniaco y sulfuro. A veces pueden verse vastas tormentas electricas en el lado nocturno de este mundo. Salus es algo mas pequeno y tiene campos de radiacion relativamente tranquilos en comparacion con los de Jupiter, en el sistema de la Antigua Tierra.",,,,,
rocky_unstable,PLANET,"Un mundo inestable sacudido por terremotos y erupciones. Donde la superficie no esta cubierta por mares de lava enfriada, esta dominada por picos abruptos y supervolcanes dispersos que expulsan gases toxicos para formar una atmosfera tenue y corrosiva. Este no es un lugar acogedor para ningun tipo de asentamiento permanente.",,,,,
planet_cruor,CUSTOM,"Cruor siempre sera un lugar remoto debido a su superficie proteica, rota y rota de nuevo por las fuerzas de marea de Salus. Bajo el dominio del Diktat, Cruor es un mundo de operaciones mineras y prisionales temporales. Su poblacion libre esta compuesta por contratistas y tecnicos de Volturn que buscan fortuna fuera de su mundo. Trabajadores desesperadamente aburridos malgastan sus salarios entregandose a los innumerables vicios que proporciona un animado mercado negro, tolerado discretamente por el gobernador del Diktat. ",,"La corteza del mundo es comprimida y agrietada por las poderosas fuerzas de marea de Salus, lo que provoca terremotos y erupciones regulares. Abundantes geiseres de gases volatiles mantienen una atmosfera fina y toxica que, al combinarse con compuestos de hierro, otorgan a Cruor su coloracion sanguinea. Plataformas de perforacion patrullan las provincias superficiales mas estables, extrayendo minerales raros o simplemente convenientes para la exportacion, mientras que las ruinas corroidas de maquinaria pueden verse ocasionalmente entre las cicatrices de la mineria a cielo abierto. Circulan rumores oscuros sobre las condiciones de los campos de trabajo moviles operados por la Inteligencia del Diktat.",,,
water,PLANET,"Una atmosfera primitiva cubre un mundo-oceano de cientos de kilometros de profundidad. Sus aguas rebosan de vida primitiva y desde el espacio, los instrumentos pueden detectar vastas capas similares a algas. Un nucleo de hielo de agua sobre un manto rocoso se crea por la tremenda presion del mar.",,,,,
planet_volturn,CUSTOM,"Volturn posee una atmosfera espesa sobre un mundo-oceano que ha sido sembrado con formas de vida tipo Terra reingenierizadas, las cuales han desplazado en gran medida a los organismos nativos relativamente primitivos que antano formaban vastas alfombras coloniales errantes. La poblacion humana vive en una gran variedad de habitats flotantes y subsiste principalmente de la agricultura y el procesamiento de compuestos organicos complejos.",,"Volturn se concibio como un planeta de agricultura y ocio para dar servicio a la capital, la luna-ciudad de Opis, ahora aniquilada. Los refugiados de la crisis de Askonia han multiplicado la poblacion de Volturn, superando incluso las cifras de Sindria y llenando las arcologias flotantes, los cruceros turisticos y las barcazas de terraformacion con viviendas improvisadas. Predomina una economia de industria ligera y acuicultura, con muchos productos derivados del procesamiento de vida marina modificada geneticamente para prosperar en el mundo-oceano. Una guarnicion del Diktat mantiene un dominio inestable sobre un mundo de granjas de algas apestosas y suburbios flotantes, focos de movimientos de resistencia, cultos esotericos y sindicatos criminales.",,,
rocky_ice,PLANET,"Un mundo helado de metano y amoniaco; el hielo de agua es como la roca y puede encontrarse en afloramientos montanosos y rocas. Una fina atmosfera de volatiles se forma solo en el lado del planeta orientado a la estrella, para volver a congelarse en el lado oscuro. La mayoria de los crateres se llenan con el tiempo a medida que se deposita esta ""nieve"".",,,,,
planet_umbra,CUSTOM,"Sede del Consejo Revolucionario de Askonia, una faccion local de antis. Las condiciones son implacables bajo estrictas regulaciones de emergencia. La actividad economica consiste exteriormente en la mineria de volatiles y el reprocesamiento de residuos del proyecto de perforacion de nucleos abandonado, pero el ARC tambien ha permitido que lo que podria denominarse ""piratas"" opere desde Umbra debido a que los comerciantes independientes se ven ahuyentados por las ""expropiaciones de emergencia"". Un pequeno numero de refugiados llego a Umbra, tensionando la infraestructura local, para unirse a la revolucion o con la esperanza de encontrar otro camino.",,"Lejos de la zona principal de Askonia, Umbra es un mundo helado de metano y amoniaco donde el hielo de agua es como roca y puede hallarse en afloramientos montanosos y penascos. Una fina atmosfera de volatiles se forma en el lado del planeta orientado hacia la estrella, solo para congelarse de nuevo en el lado oscuro. La mayoria de los crateres se rellenan con el tiempo a medida que se deposita esta ""nieve"". Se realiza cierta mineria de materiales pesados en el pobre y rocos de manto, enterrado a muchos kilometros bajo la corteza glacial. Los habitats estan excavados a gran profundidad; la vida en Umbra es dura y pocos elegirian vivir aqui permanentemente de forma voluntaria. Un goteo de voluntarios idealistas de fuera del sistema aporta una esperanza muy necesaria y suministros esenciales.",,,
star_yellow,PLANET,"Una estrella de secuencia primaria tipo G2, con una edad estimada de cinco mil millones de anos. La temperatura superficial es de solo unos seis mil grados, mientras que la temperatura del nucleo podria superar facilmente los quince millones de grados.",,,,,
star_orange,PLANET,"Ligeramente mas fria y pequena que el sol de la Antigua Tierra, esta estrella de clase K se asemeja mucho a Alfa Centauri B. Es particularmente estable, ardiendo en el extremo inferior de la secuencia principal durante decenas de miles de millones de anos y, por tanto, se considera un probable hogar para planetas habitables y terraformables.",,,,,
star_blue_giant,PLANET,"Una estrella de tipo O de temperatura y luminosidad muy altas. Aunque es extraordinariamente masiva, esta estrella tiene una vida corta debido a la infernal velocidad a la que fusiona sus elementos constituyentes. Para una estrella, explotara rapidamente como una supernova que podria brillar brevemente mas que galaxias enteras antes de transformarse en un agujero negro o una estrella de neutrones. Las energias desatadas por el corazon de fusion desenfrenada de la estrella estallan en poderosos vientos estelares que arrancaran la atmosfera de los planetas que orbitan cerca y el casco de cualquier nave que deambule por las proximidades.",,,,,
star_blue_supergiant,PLANET,"Una estrella de tipo O de temperatura, luminosidad, masa y volumen extremos. La supergigante es lo suficientemente masiva como para transicionar suavemente de la combustion de hidrogeno a la de helio y asi sucesivamente. Es una de las luces mas brillantes, ardiendo de forma mas rapida y radiante antes de explotar como supernova, lo que puede eclipsar brevemente galaxias enteras, banando sectores completos con una radiacion mortal. Las energias liberadas por el corazon de fusion desenfrenada de la estrella estallan en poderosos vientos estelares que erosionaran la atmosfera de los planetas en orbita cercana, asi como el casco de cualquier nave que deambule cerca.",,,,,
star_browndwarf,PLANET,"Esta enana marron es una masa primaria subestelar que no ha alcanzado la temperatura suficiente para la fusion de hidrogeno, aunque emite una radiacion electromagnetica apreciable debido a la compresion gravitatoria. Las enanas marrones mas pequenas se clasifican junto a los gigantes gaseosos masivos en un espectro algo difuso, en lugar de mediante un umbral definitivo. Los campos magneticos de la enana marron son potentes y potencialmente tumultuosos en comparacion con los planetas pequenos.",,,,,
star_neutron,PLANET,"Esta es una estrella que vivio, murio en una nova y ahora vive de nuevo como una masa extraordinariamente pequena, caliente y densa, cuyo volumen se mantiene gracias a la interaccion nuclear fuerte en lugar del electromagnetismo habitual. Aunque puede alcanzar hasta tres masas solares, el radio de la estrella de neutrones es apenas equivalente al de la Antigua Tierra. Las estrellas de neutrones que giran rapidamente pueden emitir intensos haces de radiacion electromagnetica; estas se conocen como pulsares. Un capitan de nave astuto haria bien en evitarlas.  ",,,,,
black_hole,PLANET,"El resultado del colapso apocaliptico de una estrella masiva. Ningun objeto puede escapar de un agujero negro, ni siquiera la propia luz. Sin embargo, el agujero negro emite una radiacion de Hawking detectable debido a efectos cuanticos mal comprendidos. No se puede detectar informacion mas alla del horizonte de sucesos con ningun dispositivo conocido en el Sector. La intensa gravedad del agujero negro desgarra y fragmenta los objetos cercanos en un disco de acrecion que inevitablemente cae en el abismo gravitatorio. Extremadamente peligroso.",,,,,
star_orange_giant,PLANET,"Una estrella gigante de clase K que ha agotado su combustible de hidrogeno y ha alcanzado una temperatura suficiente, debido a su masa, para fusionar helio. Tecnicamente es un tipo de gigante roja, pero esta estrella es mas masiva y tiene una combustion mas caliente que los ejemplos mas comunes. Se asemeja a la estrella Aldebaran conocida por la astronomia clasica previa al Dominio.",,,,,
star_red_supergiant,PLANET,"Una estrella supergigante en una fase tardia de su breve vida estelar, esta estrella de clase M posee el mayor volumen de todos los tipos estelares conocidos. Ha agotado el suministro de hidrogeno de su nucleo, pasando suavemente a la fusion de helio, y es probable que continue a traves de los elementos hasta el hierro antes de crear una supernova. Aunque es extraordinariamente masiva, la envoltura exterior de la estrella es extremadamente tenue y tiene una temperatura relativamente baja, lo que le confiere su tonalidad caracteristica. Esta estrella esta expulsando su materia constituyente a un ritmo rapido y formara una nebulosa espectacular. Betelgeuse y Antares son ejemplos de supergigantes rojas conocidas por la astronomia clasica pre-Dominio.",,,,,
star_red_giant,PLANET,"Una estrella de masa baja a media en una fase tardia de evolucion estelar; una gigante roja ha agotado el suministro de hidrogeno en su nucleo y, en su lugar, ha pasado a la fusion de hidrogeno en una capa alrededor del nucleo, ahora de helio. Aunque la estrella en si es enorme, la envoltura exterior tiene una temperatura mas baja, lo que le otorga su tonalidad caracteristica.",,,,,
star_red_dwarf,PLANET,"Una estrella de secuencia principal de clase M, pequena y sumamente comun. Estas estrellas relativamente frias suelen tener solo una fraccion de la masa del Sol de la Antigua Tierra. ",,,,,
star_white,PLANET,"El principio del fin para la mayoria de las estrellas; la enana blanca fue una vez una gigante roja sin masa suficiente para fusionar carbono. Extremadamente densa y radiando lentamente su calor al no experimentar ya reacciones de fusion, su volumen se mantiene frente al colapso gravitatorio solo por la presion de degeneracion electronica. ",,,,,
drone_station_lt,SHIP_SYSTEM,Un anillo de drones de defensa alrededor de la estacion.,,Un anillo de drones defensivos alrededor de la estacion.,,,
drone_station_mid,SHIP_SYSTEM,Un anillo de drones de defensa alrededor de la estacion.,,Un anillo de drones defensivos alrededor de la estacion.,,,
drone_station_high,SHIP_SYSTEM,Un anillo de drones de defensa alrededor de la estacion.,,Un anillo de drones defensivos alrededor de la estacion.,,,
entropyamplifier,SHIP_SYSTEM,"Aumenta temporalmente el dano recibido por la nave objetivo. Genera una cantidad significativa de flujo al usarse.

La duracion del efecto depende del marco de referencia de la nave emisora; si esta entra en fase o experimenta una alteracion en la tasa temporal, la duracion del efecto se vera afectada de la misma forma para los observadores externos.",Ofensivo,Aumenta el dano recibido por la nave objetivo. Genera una cantidad significativa de flujo cuando se utiliza.,,La nave objetivo recibe un {{50%}} mas de dano de todas las fuentes.,
interdictor,SHIP_SYSTEM,"Interfiere con el campo de propulsion de la nave objetivo, desactivando algunos motores.

Por lo general, no provoca un apagado cuando se usa contra una nave con sus motores plenamente operativos, pero puede hacerlo dependiendo de la configuracion del motor, ya que siempre dejara fuera al menos un motor activo.",Ofensivo,"Interfiere con el campo de propulsion de la nave objetivo, desactivando algunos motores.",,,
mine_strike,SHIP_SYSTEM,Teletransporta una mina de fase pesada al area objetivo. La mina rastreara lentamente a las naves enemigas cercanas y explotara unos segundos despues de que se active su detonador de proximidad. Puede usarse mientras se esta en fase.,Ofensivo,Teletransporta una mina de proximidad pesada al area objetivo. Cada mina inflige 2000 de dano de alto explosivo en un area. Puede usarse mientras se esta en fase.,2000 de alto explosivo,Cada mina inflige {{2000 de alto explosivo}} de dano en una gran area y puede desplegarse desde un alcance de aproximadamente {{1000}} su.,
mine_strike_station,SHIP_SYSTEM,Teletransporta una mina de fase pesada a la zona objetivo. La mina rastreara lentamente a las naves enemigas cercanas y explotara pocos segundos despues de que se active su sensor de proximidad.,Ofensivo,Teletransporta una mina de proximidad pesada al area objetivo. Cada mina inflige 2000 de dano por explosivo de alta potencia en un area.,2000 de alto explosivo,Cada mina inflige {{2000 de alto explosivo}} de dano en una gran area y puede desplegarse desde un alcance de aproximadamente {{3500}} su.,
mote_control,SHIP_SYSTEM,"Las motas de energia infligen un fuerte dano por PEM a las naves y aniquilan cazas y misiles. El uso del sistema crea un punto de atraccion temporal para las motas. Las motas atacan automaticamente a los misiles y cazas cercanos, a menos que se establezca un punto de atraccion en una nave enemiga.",Especial,Las motas de energia infligen un fuerte dano de EMP a las naves y aniquilan cazas y misiles.,,,
acausaldisruptor,SHIP_SYSTEM,"Sobrecarga brevemente una nave enemiga cercana.

Explota principios acausales debiles que ya se comprendian mal antes del Colapso. En la actualidad, los efectos podrian confundirse con la magia.",Ofensivo,Sobrecarga brevemente una nave enemiga cercana.,,La sobrecarga dura {{1}} segundo.,
temporalshell,SHIP_SYSTEM,"Acelera el flujo del tiempo a bordo de la nave. Genera una cantidad significativa de flujo al utilizarse.

Las investigaciones sobre la exposicion prolongada a este efecto se describieron como ""preocupantes"" y se detuvieron discretamente.",Especial,Acelera el flujo del tiempo a bordo de la nave. Genera una cantidad significativa de flujo cuando se utiliza.,,El tiempo pasa hasta a un ritmo de {{three}} veces el normal a bordo de la nave.,
damper,SHIP_SYSTEM,Activa brevemente un campo de energia que mitiga el dano recibido a costa de desactivar las armas y los escudos.,Defensivo,Activa brevemente un campo de energia que mitiga el dano recibido a costa de inhabilitar las armas y los escudos.,,"Reduce todo el dano recibido un {{67%}} en fragatas y destructores, y un {{50%}} en naves mas grandes.",
damper_omega,SHIP_SYSTEM,"Activa brevemente un campo de amortiguacion de entropia que reduce a la mitad todo el dano recibido y todo el flujo generado, ademas de reparar rapidamente todos los motores y armas inhabilitados. Desactiva los escudos.",Defensivo,"Activa brevemente un campo de amortiguacion de entropia que reduce a la mitad todo el dano recibido y todo el flujo generado, reparando rapidamente todos los motores y armas inhabilitados. Desactiva los escudos.",,,
flarelauncher,SHIP_SYSTEM,Lanza bengalas que distraen los sistemas de guia de los misiles entrantes y de las armas de defensa de punto. Cualquier misil que impacte en una bengala sera destruido.,Defensivo,Lanza bengalas para confundir los sistemas de guia de los misiles enemigos cercanos.,,,
flarelauncher_active,SHIP_SYSTEM,"Lanza bengalas que distraen los sistemas de guia de los misiles entrantes y de las armas de DP. Las bengalas tambien rastrean misiles, y cualquier proyectil que impacte en una bengala sera destruido.",Defensivo,Lanza bengalas para confundir los sistemas de guia de los misiles enemigos cercanos. Las bengalas son rapidas y siguen activamente a los misiles.,,,
flarelauncher_fighter,SHIP_SYSTEM,"Lanza bengalas que interfieren con las defensas de punto, atrayendo su fuego.",Defensivo,"Lanza bengalas que interfieren con las defensas de punto, atrayendo su fuego.",,,
flarelauncher_single,SHIP_SYSTEM,"Lanza bengalas que interfieren con las defensas de punto, atrayendo su fuego.",Defensivo,"Lanza bengalas que interfieren con las defensas de punto, atrayendo su fuego.",,,
burndrive,SHIP_SYSTEM,Activa temporalmente una propulsion primaria en el hipermotor de la nave. Proporciona un aumento masivo de velocidad durante un tiempo fijo a cambio de no poder usar los escudos. La nave corre el riesgo de un apagado total de los motores ante cualquier colision significativa.,Movimiento,Proporciona un aumento masivo de velocidad a costa de no poder girar ni usar los escudos. Las colisiones pueden provocar un apagado mientras el sistema este activo.,,La velocidad maxima de la nave aumenta en {{200}}.,
combat_burn,SHIP_SYSTEM,Activa un nivel de propulsion primario bajo en el hipermotor de la nave. Este nivel de propulsion puede mantenerse indefinidamente.,Movimiento,Activa un nivel bajo de propulsion primaria en el motor de viaje del sistema de la nave. Esta propulsion puede mantenerse indefinidamente.,,La velocidad maxima de la nave aumenta en {{100}}.,
maneuveringjets,SHIP_SYSTEM,Activa propulsores adicionales para mejorar enormemente la maniobrabilidad de la nave. Tambien proporciona un ligero aumento a la velocidad maxima de la nave.,Movimiento,Proporciona un breve aumento de la maniobrabilidad y la velocidad maxima.,,La velocidad maxima de la nave aumenta en {{50}}.,
plasmajets,SHIP_SYSTEM,"Proporciona un breve pero extremo aumento de la velocidad maxima, junto con un ligero aumento de la maniobrabilidad.",Movimiento,Proporciona un aumento masivo de la velocidad maxima y un ligero aumento de la maniobrabilidad.,,La velocidad maxima de la nave aumenta en {{125}}. La nave tambien recibe un aumento significativo en sus tasas de giro y aceleracion.,
microburn,SHIP_SYSTEM,"Proporciona un breve impulso de los motores, impulsando la nave hacia adelante a una velocidad extrema.",Movimiento,"Proporciona un breve impulso de los motores, propulsando la nave hacia adelante a una velocidad extrema.",,La velocidad maxima de la nave aumenta brevemente a aproximadamente {{600}} su/segundo.,
microburn_omega,SHIP_SYSTEM,"Proporciona un breve impulso de los motores, impulsando la nave hacia adelante a una velocidad extrema.",Movimiento,"Proporciona un breve impulso de los motores, propulsando la nave hacia adelante a una velocidad extrema.",,,
fastmissileracks,SHIP_SYSTEM,Servomotores y transportadores de armamento adicionales que permiten a la nave recargar rapidamente sus armas de misiles. La activacion del sistema genera un flujo significativo.,Ofensivo,Recarga rapidamente todas las armas de misiles. Genera flujo al usarse.,,,
fortressshield,SHIP_SYSTEM,"Redirige toda la energia de los sistemas de armas a los escudos, aumentando enormemente la eficiencia con la que se absorbe el dano. Este proceso genera flujo duro a un ritmo constante, incluso si los escudos no estan recibiendo fuego.",Defensivo,"Reduce el dano recibido por los escudos al minimo, pero genera flujo duro mientras esta activo.",,Los escudos de la nave reciben un {{90%}} menos de dano.,
highenergyfocus,SHIP_SYSTEM,"Aumenta brevemente el dano infligido por todas las armas de energia. La matriz de capacitores almacena multiples cargas, que se regeneran lentamente.",Ofensivo,Aumenta brevemente el dano infligido por todas las armas de energia.,,El dano infligido por todas las armas de energia aumenta un {{50%}}.,
drone_strike,SHIP_SYSTEM,"Sobrecarga uno de los drones Terminator mediante una breve transferencia de energia. El dron rastrea un objetivo cercano como si fuera un misil, infligiendo un dano masivo al impactar.",Ofensivo,"Sobrecarga uno de los drones Terminator y lo lanza contra un objetivo. El dron inflige 1200 de dano de energia y 600 de dano de EMP al impactar, y su carga genera 600 de flujo.",1200 de energia | 600 de PEM | 600,Cada dron inflige {{1200 de energia}} de dano y {{600 de EMP}} de dano al impactar.,
lidararray,SHIP_SYSTEM,"Aumenta enormemente el alcance, la cadencia de tiro y la precision de las armas de punto de anclaje, mientras que detiene temporalmente las torretas y todas las armas de rayo. Cuando no esta en uso, proporciona un pequeno aumento pasivo al alcance de todas las armas.",Ofensivo,"Aumenta considerablemente el alcance, la cadencia de tiro y la precision de las armas de punto de anclaje, mientras que desactiva temporalmente las torretas y todas las armas de rayo. Cuando no esta en uso, proporciona un pequeno aumento pasivo al alcance de todas las armas.",,"Mientras el sistema este activo, el alcance de las armas de emplazamiento aumenta un {{100%}} y su cadencia de tiro aumenta un {{200%}}. El retroceso se reduce un {{75%}} y la velocidad del proyectil aumenta un {{50%}}.

Mientras el sistema este en modo pasivo, el alcance de todas las armas que no sean misiles aumenta un {{35%}}.",
orion_device,SHIP_SYSTEM,"Despliega una carga de antimateria con forma detras de la nave. La explosion aplica fuerza sobre una placa de empuje masiva, que absorbe el impacto y distribuye la aceleracion resultante en un intervalo de tiempo que los compensadores inerciales de la nave pueden gestionar. La nave es impulsada brevemente hacia adelante a una velocidad que muy pocas tecnologias mas ""avanzadas"" pueden aspirar a igualar.",Movimiento,"Explota una carga de antimateria con forma detras de la nave, propulsandola hacia adelante a una velocidad extrema.",,,
nova_burst,SHIP_SYSTEM,"Una version del Dispositivo Orion liberada de las limitaciones impuestas por la fragilidad humana. Detona una enorme carga de antimateria detras de la nave, lo que provoca que esta salga disparada hacia delante.",Movimiento,"Explota una carga masiva de antimateria detras de la nave, haciendo que esta de un salto hacia adelante.",,,
canister_flak,SHIP_SYSTEM,Dispara una gran cantidad de proyectiles de metralla con espoletas de proximidad de tiempo variable por toda la nave.,Defensivo,Dispara un gran numero de proyectiles de fragmentacion con espoletas de proximidad de tiempo variable por toda la nave. Cada proyectil inflige 200 de dano de alto explosivo en un area y esta programado para evitar el fuego amigo.,200 de alto explosivo,Cada capsula inflige {{200 de alto explosivo}} de dano en un area y esta dirigida para evitar el fuego amigo.,
phaseteleporter,SHIP_SYSTEM,La nave se teletransporta instantaneamente a cualquier ubicacion cercana deseada.,Movimiento,La nave se teletransporta instantaneamente a cualquier ubicacion cercana deseada.,,La ubicacion de destino puede estar hasta a {{1500}} su de distancia.,
displacer,SHIP_SYSTEM,Teletransporta la nave una corta distancia en la direccion en la que se desplaza. El sistema acumula lentamente hasta tres cargas que pueden gastarse en un corto periodo de tiempo.,Movimiento,Teletransporta la nave una corta distancia en la direccion en la que se desplaza. El sistema puede almacenar hasta tres cargas a la vez.,,La nave es teletransportada {{300}} unidades.,
displacer_degraded,SHIP_SYSTEM,Teletransporta la nave una corta distancia en la direccion en la que se desplaza. El sistema acumula lentamente hasta dos cargas que pueden gastarse en un corto periodo de tiempo.,Movimiento,Teletransporta la nave una corta distancia en la direccion en la que se desplaza. El sistema puede almacenar hasta dos cargas a la vez.,,La nave es teletransportada {{300}} unidades.,
drone_pd,SHIP_SYSTEM,Despliega un gran numero de drones defensivos armados con laseres. Se puede ordenar a los drones que protejan la nave de cerca o que patrullen libremente a su alrededor.,Drones (tecnologia avanzada),Despliega un gran numero de drones defensivos armados con laseres.,,,
drone_pd_x2,SHIP_SYSTEM,Despliega varios drones defensivos armados con ametralladoras ligeras. Se puede ordenar a los drones que protejan la nave de cerca o que patrullen libremente a su alrededor.,Drones (tecnologia intermedia),Despliega varios drones defensivos armados con ametralladoras ligeras.,,,
drone_borer,SHIP_SYSTEM,Despliega varios drones mineros modificados para el combate. Los drones son altamente autonomos y capaces de operar lejos de la nave nodriza.,Drones (tecnologia basica),Despliega varios drones modificados para el combate y armados con laseres de mineria. Los drones tienen un largo alcance operativo.,,,
drone_sensor,SHIP_SYSTEM,Despliega un par de drones cuyos sensores a bordo mejoran el alcance de las armas y los sensores de la nave. Cada dron tambien esta armado con un canon de iones.,Drones (tecnologia avanzada),Despliega un par de drones que mejoran el alcance de las armas y los sensores de la nave. Cada dron tambien esta armado con un canon de iones.,,,
ammofeed,SHIP_SYSTEM,"Activa un mecanismo avanzado, aunque propenso a atascos, para suministrar rapidamente municion a los emplazamientos de armas balisticas de la nave. El mecanismo debe recalibrarse y enfriarse antes de poder utilizarse de nuevo.",Ofensivo,Proporciona una reduccion del coste de flujo y un breve aumento de la cadencia de tiro de todas las armas balisticas.,,Aumenta la cadencia de tiro de las armas balisticas un {{100%}} y reduce la generacion de flujo de las armas balisticas un {{50%}}.,
emp,SHIP_SYSTEM,"Activa un generador de PEM. Los misiles, cazas, emplazamientos de armas y motores de las naves enemigas cercanas son todos fijados como objetivo y pueden quedar inhabilitados en poco tiempo.

Lamentablemente, los sistemas de armas de a bordo deben apagarse para proporcionar energia a este dispositivo. Los pulsos de PEM tampoco son muy eficables contra los escudos enemigos.",Especial,"Genera arcos electricos que destruyen rapidamente los misiles, las armas y los motores enemigos dentro del alcance. Los escudos lo anulan en su mayor parte.",,"Inflige {{100 de energia}} y {{500 de EMP}} de dano por arco. Los arcos pueden alcanzar objetivos a aproximadamente {{500}} su de la nave.

Ademas, la mayoria de los misiles perderan sus sistemas de guia aunque no sean destruidos de inmediato.",
phasecloak,SHIP_SYSTEM,"Mueve temporalmente la nave a una dimension alternativa conocida como espacio-p. La nave aun puede ser detectada por sus emisiones de la bobina de fase, pero no puede ser alcanzada por ninguna arma. El flujo no puede disiparse en el espacio-p, lo que provoca una acumulacion constante que obliga a la nave a regresar al espacio normal tarde o temprano. El tiempo subjetivo pasa mas rapido para la nave y su tripulacion mientras estan en el espacio-p.

El generador de la capa de fase es grande y requiere una potencia significativa, por lo que generalmente sustituye a los escudos como medio principal de defensa de la nave.",Especial,Traslada la nave a una dimension alternativa donde el tiempo pasa mas rapido. La nave no puede ser alcanzada por ninguna arma; acumula flujo duro mientras este activo.,,,
drone_terminator,SHIP_SYSTEM,"Despliega un unico dron avanzado que cuenta con un escudo de fase, un deslizador de fase modificado y un arsenal de armas que resultaria impresionante incluso en un caza pesado.

Aun mas impresionante es su minifactoria, capaz de producir drones de repuesto en combate, lo que garantiza que la nave nodriando no se quede sin escolta durante mucho tiempo.

El dron tambien posee una personalidad de IA de nivel delta, muy agresiva, que le permite patrullar mucho mas lejos de la nave nodriza que la mayoria de los otros sistemas de drones, que funcionan totalmente por control remoto o, en el mejor de los casos, presentan una personalidad sub-gamma.

Este diseno es tambien unico por haber sido creado mediante la cooperacion de dos corporaciones rivales. Fabrique Orbitale proporciono el chasis y los disenos de los sistemas, mientras que los expertos de Tri-Tachyon se encargaron de la IA de control.",Dron (ataque),Despliega un unico dron altamente avanzado. El dron se reconstruira lentamente si es destruido.,,,
reservewing,SHIP_SYSTEM,"Despliega cazas de reserva que pueden combatir durante un breve tiempo antes de regresar al portaaviones, duplicando temporalmente el numero de cazas en el escuadron.",Portaviones,"Despliega cazas de reserva que pueden combatir durante un breve tiempo antes de regresar al portaaviones, duplicando temporalmente el numero de cazas en el escuadron.",,,
targetingfeed,SHIP_SYSTEM,"Envia datos de fijacion de objetivos en tiempo real a los escuadrones de cazas desde este portaaviones, aumentando temporalmente su dano.",Portaviones,"Envia datos de punteria en tiempo real a los escuadrones de cazas desde este portaaviones, aumentando temporalmente su dano.",,El dano de los cazas aumenta un {{50%}}.,
recalldevice,SHIP_SYSTEM,"Teletransporta todos los cazas de vuelta al portaaviones, permitiendo que sean reequipados y relanzados rapidamente.",Portaviones,"Teletransporta todos los cazas de vuelta al portaaviones, permitiendo que sean reequipados y relanzados rapidamente.",,,
energy_lash,SHIP_SYSTEM,"Dispara un arco voltaico a la nave objetivo, alimentando y activando ciertos sistemas de la nave.

Al apuntar a una nave enemiga, inflige dano por PEM. Puede alcanzar, y sobrecargar brevemente, a los objetivos en fase.",Especial,"Activa ciertos sistemas en naves aliadas designadas. Al fijar un objetivo enemigo, inflige dano de PEM. Puede impactar y sobrecargar brevemente a los objetivos en fase.",,"Inflige {{1500 EMP}} de dano por arco a las naves enemigas. El sistema puede alcanzar objetivos a aproximadamente {{1500}} su de la nave.

Solo afecta a las naves aliadas si poseen un sistema de nave {{lash-activated}}.",
displacer_threat,SHIP_SYSTEM,Teletransporta la nave una corta distancia en la direccion en la que se desplaza.,Movimiento,Teletransporta la nave una corta distancia en la direccion en la que se desplaza. El sistema solo se carga cuando la nave es alcanzada por un Lazo de Energia.,Latigo de energia,La nave es teletransportada {{300}} unidades. El sistema esta {{lash-activated}} y solo obtiene cargas cuando la nave recibe un latigazo de energia.,
incursion_mode,SHIP_SYSTEM,"Aumenta la velocidad maxima de la nave, la disipacion de flujo y la tasa de regeneracion de carga, asi como la agresividad general.",Ofensivo,"Aumenta la velocidad maxima, la disipacion de flujo y la tasa de regeneracion de carga de la nave, asi como la agresividad general. El sistema solo se activa cuando la nave es alcanzada por un Lazo de Energia.",Latigo de energia,"La velocidad maxima aumenta en {{100}} su, la disipacion de flujo aumenta por un factor de {{3}} y las armas balisticas y de energia regeneran cargas muy rapidamente. El sistema esta {{lash-activated}} y solo se activa cuando la nave recibe un latigazo de energia.",
extraction_protocol,SHIP_SYSTEM,"Aumenta la velocidad maxima de la nave y la obliga a retroceder mientras dispara todas las armas disponibles. La nave ventilara al final de la maniobra, y toda su municion y carga de las armas, incluidos los misiles, se recargara.",Defensivo,"Aumenta la velocidad maxima de la nave y la obliga a retroceder mientras dispara todas las armas disponibles. La nave ventilara al final de la maniobra, y toda su municion y carga de las armas, incluidos los misiles, se recargara. El sistema solo se activa cuando la nave es alcanzada por un Lazo de Energia.",Latigo de energia,La velocidad maxima aumenta en {{100}} su. El sistema esta {{lash-activated}} y solo se activa cuando la nave recibe un latigazo de energia.,
fragment_volley,SHIP_SYSTEM,Amplia el alcance de las armas de fragmentacion que no sean de defensa de punto y las dispara rapidamente.,Ofensivo,Amplia el alcance de las armas de fragmentacion que no sean de DP y las dispara rapidamente. El sistema solo se activa cuando la nave es alcanzada por un Lazo de Energia y tiene un largo tiempo de reutilizacion.,Latigo de energia,El alcance de los misiles de fragmentacion aumenta por un factor de {{2}}. El sistema esta {{lash-activated}} y solo se activa cuando la nave recibe un latigazo de energia.,
construction_swarm,SHIP_SYSTEM,Lanza un enjambre de construccion que fabricara una nueva unidad de la Amenaza.,Especial,Lanza un enjambre de construccion que fabricara una nueva unidad de la Amenaza. Reduce la preparacion de combate de la nave.,,Reduce la preparacion de combate de la nave segun el tamano y el tipo de unidad que la enjambre vaya a construir. Las unidades recien construidas consumen puntos de despliegue de forma normal.,
convulsive_lunge,SHIP_SYSTEM,"La proyeccion se lanza a traves del n-espacio, alejandose del peligro o hacia la presa.",Movimiento,"La proyeccion se lanza a traves del n-espacio, alejandose del peligro o hacia la presa.",,,
darkened_gaze,SHIP_SYSTEM,"""El ojo contempla la ruina"".",Ofensivo,"""El ojo contempla la ruina.""",,,
tenebrous_expulsion,SHIP_SYSTEM,"La proyeccion expulsa un gran volumen de sustrato velado, confundiendo los sistemas de fijacion de objetivos y bloqueando las lineas de fuego, para luego retirarse rapidamente tras la pantalla.",Defensivo.,"La proyeccion expulsa un gran volumen de sustrato velado, lo que confunde los sistemas de fijacion de objetivos y bloquea las lineas de fuego, para luego retirarse rapidamente tras la pantalla.",,,
shrouded_vortex,SHIP_SYSTEM,"El vortice se desplaza a traves del espacio-n, siguiendo la curvatura del espacio-tiempo local y desestabilizandose gradualmente. Al desestabilizarse, explotara, infligiendo un dano masivo en un area a su alrededor.",Especial,"El vortice se desplaza por el espacio-n, siguiendo la curvatura del espacio-tiempo local, desestabilizandose gradualmente hasta explotar finalmente, infligiendo 2000 de dano de energia en una gran area.",2000 de energia,,
stable_location,CUSTOM,"Este punto, por lo demas insignificante, en el vasto vacio circundante es un minimo local en el campo de hiperondas del sistema estelar. La relativa falta de interferencias lo hace ideal para la colocacion de estructuras que utilicen tecnologia de hiperondas.",,,,,
comm_relay,CUSTOM,"Una tecnologia de la era del Dominio utilizada principalmente en la frontera; es una matriz de hiperondas que transmite y recibe datos entre sistemas estelares a velocidades superluminicas. Se ha demostrado que las hiperondas que pulsan rapidamente y son aptas para la transmision de datos FTL danan el ADN, por lo que estos repetidores siempre se situan lejos de los habitats.",,,,,
comm_relay_makeshift,CUSTOM,"Una imitacion de su homologo de la era del Dominio, construida utilizando lo que pasa por la vanguardia en el Sector. No obstante, un repetidor de comunicaciones improvisado es capaz de facilitar comunicaciones mas rapidas que la luz entre sistemas estelares, incluso si las velocidades de transmision son poco ideales y las ocasionales corrientes de comunicaciones fantasma que capta dan pesadillas incluso a los operadores mas experimentados.",,,,,
sensor_array,CUSTOM,Tecnologia de la era del Dominio; se trata de una matriz de monitorizacion pasiva de superalta resolucion con un transmisor capaz de realizar transmisiones de datos superluminicas en tiempo real dentro del sistema estelar. Los datos se utilizan para complementar las lecturas regulares de los sensores de las flotas.,,,,,
sensor_array_makeshift,CUSTOM,"Construido con la mejor tecnologia disponible en el Sector, una matriz de sensores improvisada es capaz, no obstante, de monitorizar pasivamente todo el sistema estelar y posee un transmisor capaz de realizar transmisiones de datos superluminicas en tiempo real a las flotas aliadas en su interior. Los datos son un complemento util para las lecturas regulares de los sensores de las flotas.",,,,,
nav_buoy,CUSTOM,Tecnologia de la era del Dominio; una boya de navegacion monitoriza el hipercampo del sistema y es capaz de transmitir sus hallazgos a las flotas aliadas en el sistema. Las lecturas de datos son pristinas y de gran utilidad para configurar los campos de propulsion.,,,,,
nav_buoy_makeshift,CUSTOM,"Construida con la mejor tecnologia disponible en el Sector, una boya de navegacion monitoriza el hipercampo del sistema y es capaz de transmitir sus hallazgos a flotas aliadas en el sistema. Los datos suelen ser algo poco fiables, pero siguen siendo utiles para realizar ajustes en el campo de propulsion sobre la marcha.",,,,,
test_station,CUSTOM,"Una estacion orbital construida como una entidad de campana personalizada con la etiqueta ""estacion"".",,,,,
barren-bombarded,PLANET,"Un mundo rocoso y sin vida; su superficie castigada relata una historia de eones de bombardeos meteoricos intermitentes. La poca atmosfera que posee se aferra a la corteza cicatrizada en un estado de casi vacio. No posee un campo magnetico significativo ni actividad tectonica. Predomina un regolito profundo, atravesado por canales de lava y salpicado por antiguos mares de lava formados por impactos especialmente grandes.",,"La curva moteada del planeta gira bajo tus pies. El regolito mas claro esta picado por antiguos crateres de impacto; los mares de lava mas oscuros estan menos marcados, pero aun asi presentan las cicatrices de su propia creacion cataclismica.",,,
irradiated,PLANET,"Yermo y altamente irradiado, este planeta no solo carece de vida, sino que presenta un entorno hostil incluso para operaciones roboticas experimentadas debido a las energias colosales que azotan su superficie. Cualquier habitat tendria que construirse a una profundidad inmensa para que alguien lo bastante loco como para vivir aqui pudiera sobrevivir.",,,,,
planet_jangala,CUSTOM,"Joya del sistema Corvus, Jangala posee una exuberante biosfera nativa. Las granjas y mares del mundo, a menudo ocultos por los ciclones de las megatormentas, son una fuente principal de materia organica, productos alimenticios y materiales xenobiologicos exoticos. Considerada sagrada por la mayoria de las sectas ludicas.",,"Inicialmente un centro de estudio xenobiologico y turismo, la explotacion siguio al descubrimiento y millones de kilometros cuadrados fueron arrasados para luego ser cubiertos por plantaciones cuidadas por enormes cosechadoras roboticas. Pero no es un paraiso para los humanos, ya que requiere mascaras de biofiltro y un proceso de descontaminacion para las visitas a la superficie. La salvaje selva nativa debe ser contenida hasta el dia de hoy mediante quemas orbitales periodicas desde la estacion Jangala.",,,
station_jangala,CUSTOM,"Megaciudad orbital, astillero y puerto; el indiscutible centro cosmopolita de la civilizacion y la cultura en el sistema Corvus, asi como la sede del distrito militar de la Hegemonia que abarca los sistemas locales. Un intenso trafico comercial y naval rodea la estacion en todo momento.",,"Formada por una vasta estructura escalonada, los primeros y antiguos muelles de repostaje y reparacion se esconden entre hangares industriales corroidos que yacen a la sombra de un enorme anillo de laboratorios y sistemas de apoyo asociados. Aun mas arriba, las zonas comerciales, los distritos de metropolis y los astilleros de multiples alas estan todos vigilados por una torre de mando y control repleta de matrices de comunicaciones y modulos de armas.",,,
planet_asharu,CUSTOM,"Un planeta desertico, producto de un proyecto de terraformacion abortado antes del Colapso. Habitado por unos pocos colonos ferozmente independientes, criminales y excentricos. Tecnicamente, la Hegemonia reclama el dominio sobre Asharu, pero no mantiene una administracion permanente, enviando patrullas solo para perseguir piratas o imponer aranceles pesados, aunque infrecuentes, a las pocas actividades comerciales que quedan.",,"En tiempos mejores, Asharu era un modelo de prospeccion de terraformacion: una sombrilla solar reducia la temperatura superficial mientras el hielo lanzado desde las lunas de Barad dejaba brillantes estelas de vapor que caian como lluvia desde los cielos. Por desgracia, el caos del Colapso detuvo el hielo y un presunto sabotaje ludita destruyo la sombrilla. La inversion se seco y ahora solo unas pocas formas de vida resistentes (incluyendo un punado de colonos humanos) se aferran a la existencia en las montanas que sirven de refugio entre las vastas dunas que estan recuperando lentamente los cimientos de ciudades que nunca llegaron a construirse.",,,
planet_agreus,CUSTOM,"Un importante centro de desguace en esta region del Sector; los pecios son enviados aqui para ser desmantelados por la Armada de la Hegemonia y muchos otros clientes de los mundos centrales del Sector. El Ko Combine ha adquirido los derechos de administracion planetaria bajo su estatuto corporativo y ha reconstruido su fortuna empleando tecnicas de reciclaje novedosas, reconstruccion de naves y, segun algunos, la extraccion de inteligencia de nucleos de pseudo-IA muertos.",,"Siglos de cascos de naves espaciales desmantelados descansan sobre los mares de lava y las llanuras de regolito, ya frios, de este mundo esteril. Algunos nucleos de reactores especialmente radiactivos quedan en fosas de cuarentena que brillan con una radiacion detectable en los escaneos de largo alcance. Los trabajadores empleados por las operaciones industriales viven en vastas arcologias de crateres, ciudades subterraneas rodeadas de relucientes matrices solares y ramales de tubos de transporte que conducen a instalaciones de procesamiento y depositos de materiales perifericos.",,,
planet_nomios,CUSTOM,"Una sucia nieve de amoniaco cae en rafagas y chubascos desde la tenue atmosfera de Nomios. Las acumulaciones son pequenas y la mayoria son despejadas de las puertas blindadas de los hangares de los habitats por drones rastreadores maltrechos. Las instalaciones de este planeta son operadas por la burocracia gobernante, un fragmento secreto del directorado Mbaye-Gogol que afirma haber sobrevivido desde el Colapso, mas en mente que en cuerpo, si los rumores son ciertos.",,"Los emplazamientos de armas pesadas rastrean y detectan visiblemente todas las naves entrantes, lo que equivale a tener un arma de fuego en posicion de disparo. La recepcion en Nomios es elegante, discreta y educada; una mascara aseptica sobre un negocio del que solo se habla por implicaciones.",,,
planet_syrinx,CUSTOM,"Un planeta gigante compuesto por una proporcion mayor de volatiles pesados que los gigantes gaseosos clasicos dominados por hidrogeno. Los fuertes vientos barren nubes de amoniaco sobre grandes tormentas y afloramientos de hidrocarburos, producto de la transicion gradual hacia mares de agua y amoniaco que descansan sobre hielos exoticos formados por la presion extrema y la alta gravedad.",,,,,
station_arcadia,CUSTOM,"Este centro logistico de la Hegemonia suministra flotas capaces de proyectar poder por todo el estrategicamente vital sistema Arcadia. La gracia utilitaria y los amplios anillos de su estructura central datan de antes del Colapso, cuando la estacion era una instalacion de extraccion de volatiles. Mas tarde, se anadieron toscos modulos de armas y nodulos blindados, ensamblados a partir de pecios destinados a Agreus, en respuesta al riesgo de incursiones sorpresa contra esta vital concentracion de material.",,"La influencia de la utilidad militar se ha infiltrado profundamente en la estacion. Incluso el control de trafico civil habla con la jerga entrecortada de la Armada de la Hegemonia. En el atenuado vestibulo publico, tan limpio como un cuartel, se puede ver el andar pesado tanto de los mineros de gas como de la tripulacion naval.",,,
fusion_lamp,CUSTOM,"Una lampara de fusion orbital de la era del Dominio, capaz de proporcionar luz y calor suficientes a un planeta.",,,,,
abyssal_light,CUSTOM,Una concentracion energetica transitoria de origen desconocido que solo se encuentra en el hiperespacio abisal.,,,,,
food,RESOURCE,"Varios productos alimenticios, preservados y envasados para su exportacion. Vida util garantizada de no menos de cinco anos estandar del Dominio.",,,,,
organics,RESOURCE,"Grandes cantidades de moleculas complejas basadas en el carbono y sus derivados con aplicaciones en plasticos, combustibles, disolventes, polimeros, productos alimenticios, biotecnologia, soporte vital y una vasta gama de otras necesidades.",,,,,
volatiles,RESOURCE,"Isotopos raros de elementos ligeros, como el deuterio, con aplicaciones criticas en la produccion de combustible y otros procesos industriales avanzados.",,,,,
ore,RESOURCE,Incluye minerales de metales ferrosos y metales no ferrosos comunes. Debe refinarse para que sea util a la industria.   ,,,,,
rare_ore,RESOURCE,"Elementos pesados sin procesar que pueden incluir tierras raras, actinidos y minerales aun mas exoticos, esenciales para aplicaciones industriales y de investigacion avanzadas.",,,,,
metals,RESOURCE,Formas refinadas de metales ferrosos y no ferrosos comunes utilizados en la mayor parte de la construccion y la produccion de bienes. Los lingotes siguen los estandares tradicionales del Dominio.,,,,,
rare_metals,RESOURCE,"Elementos pesados refinados, incluidos actinidos comunes y otros elementos exoticos mas pesados, esenciales para sistemas de alta energia y aplicaciones de investigacion avanzada.",,,,,
heavy_machinery,RESOURCE,"Varios modulos estandarizados para manipular la materia a escala industrial. Aceptan entrada manual, los formatos de plantilla de diseno mas comunes o pueden estar subordinados a un control de red.",,,,,
domestic_goods,RESOURCE,"Se trata de la ropa, los dispositivos, los articulos y los bienes producidos en masa que han permitido a la gente llevar una vida comoda desde el establecimiento de la civilizacion espacial industrializada.",,,,,
organs,RESOURCE,"El reemplazo de organos es una practica bien establecida, pero los materiales son delicados y cultivarlos es un proceso caprichoso. Siempre hay un mercado para los organos sanos y siempre hay una fuente si uno no hace demasiadas preguntas.",,,,,
drugs,RESOURCE,"Prohibidas en algunos mundos, las ""artes quimicas"" incluyen una variedad vertiginosa de productos buscados por quienes desean un poco de diversion, expandir su conciencia o simplemente escapar de sus miserables vidas.",,,,,
hand_weapons,RESOURCE,"Armamento que abarca desde armas pesadas para escuadras hasta mecas, tanques y vehiculos anfibios. El uso privado esta prohibido en la mayoria de los mundos. Se encuentran mayoritariamente desmontados y no son aptos para incursiones rapidas.",,,,,
luxury_goods,RESOURCE,"La elite de cualquier mundo del Sector desea cosas preciosas, raras y bien elaboradas por autenticos artesanos humanos.",,,,,
lobster,RESOURCE,Una mezcla de varias especies de la Antigua Tierra y un poco de imaginacion produjeron esta criatura que crece salvaje en las profundidades aplastantes del lecho marino de Volturn. Se dice que su sabor es excepcional.,,,,,
luddic_furniture,RESOURCE,"Construidos con madera cultivada naturalmente en planetas y fabricados con herramientas manuales segun metodos transmitidos de maestro a aprendiz, los muebles ludicos son una posesion rara y muy prestigiosa en el Sector.",,,,,
ships,RESOURCE,"Cascos de nave y armamentos de bajo nivel y a menudo tecnicamente defectuosos -""grado de exportacion""- que son suficientes para equipar convoyes mercantes y formar patrullas de defensa basica del sistema. El comercio a gran escala de material de naves estelares de alto nivel es practicamente inexistente entre las distintas facciones.",,,,,
planet_nidhogg,CUSTOM,"Una luna geologicamente inestable debido a su proximidad al gigante gaseoso Yggdrasil; las fuerzas de marea calientan y agitan sin cesar las entranas de Nidhogg. Fisuras y volcanes salpican la superficie, y la lava que expulsan fluye durante muchos kilometros por la corteza carbonizada.",,,,,
planet_ratatosk,CUSTOM,"Una luna de silicato rocoso, sin vida y yerma, con una tenue atmosfera que se incandesce ligeramente al ser golpeada por los cinturones de radiacion de Yggdrasil.",,,,,
planet_raesvelg,CUSTOM,"El hielo de agua y amoniaco forma las inmensas grietas y las llanuras caoticamente surcadas de este mundo. Bajo la superficie, pequenas bolsas de oceano liquido sin vida quedan atrapadas entre el hielo y una corteza de silicatos rocosos. La mayoria de las ciudades bajo cupula han permanecido abandonadas desde el Colapso, aunque la reciente politica estrategica de la Hegemonia ha fomentado la reindustrializacion y el asentamiento, especialmente por parte de veteranos de la Hegemonia.",,La tripulacion y los trabajadores de permiso del cercano Complejo Ragnar y de los proyectos de Tri-Tach apoyan una animada vida nocturna y un mercado negro. La mineria de materiales volatiles se fomenta mediante subvenciones de desarrollo para asegurar una base estable para el suministro de combustible de la Hegemonia.,,,
planet_skathi,CUSTOM,"Derivas de hielo de nitrogeno y metano forman la mayor parte de la corteza sobre un manto rocoso de silicato y hielo que atraviesa la cubierta de esta luna helada. La Hegemonia concedio una vez a Tri-Tachyon una licencia de desarrollo exclusivo, consistente principalmente en una extensa planta de procesamiento de volatiles extraidos de Niflheim y la infraestructura de apoyo necesaria. Corren rumores de que todo es una historia de cobertura para una instalacion de investigacion secreta que realiza ciencia considerada ilegal bajo la ley del Dominio, pero los inspectores enviados en epocas de cooperacion con Tri-Tachyon nunca han incluido nada irregular en sus informes.",,"A pesar de toda la humanidad mermada por la maquinaria de extraccion industrial en Skathi, Tri-Tachyon logra extraer una pequena parte de los mas destacados, aquellos que muestran el talento excepcional y la voluntad necesarios para ascender en la escala corporativa.",,,
station_ragnar,CUSTOM,"El cementerio de la Hegemonia; ademas de la guarnicion apostada aqui para apoyar las patrullas del sistema y una flota en activo para disuadir las incursiones de la Liga, el complejo Ragnar almacena pecios a la espera de ser reacondicionados o de ser trasladados a Arcadia para su desguace, una tarea que generalmente se subcontrata a megacorporaciones aliadas. Tradicionalmente, la estacion esta al mando de un oficial superior veterano enviado a vivir su mediocridad en silencio.", ,"Apodada ""La Tumba"", arcos rotos de hangares y estructuras de soporte sujetan fila tras fila de cascos en reserva esperando inspeccion. La mayoria estan a oscuras, iluminados solo por las tripulaciones de inspeccion y los sopletes de soldadura de los armeros que retiran material. Oculto cerca del centro de la armada de sombras, se encuentra un conjunto de anillos habitacionales poblados por contratistas civiles, tripulacion de la armada, infantes de marina y la administracion de la Hegemonia.",,,
station_mimir,CUSTOM,"Producto de una iniciativa de Tri-Tachyon para modificar la ""mina"" comun de gigantes gaseosos, que extrae gases mediante el proceso Ouyang; un proceso que, aunque consume mucha energia, se vuelve autosostenible una vez que se logra una extraccion constante de isotopos pesados. De Niflheim se puede extraer una mezcla particularmente pesada de volatiles, que luego se procesan en la luna de Skathi en innumerables formas utiles.",,"Una clase gobernante de ejecutivos y gestores de Tri-Tachyon supervisa un pequeno estado, mas parecido a una ciudad corporativa, construido a partir de una red despiadada de empresas pantalla. Los desesperados y los codiciosos, en igual medida, son atraidos desde sistemas cercanos por los altos salarios. Los costes, sin embargo, suelen ser mas elevados.",,,
,,,,,,,
planet_maxios,CUSTOM,"Un pequeno planeta terrestre, Maxios, fue antano el centro cosmopolita del sistema. Ahora salpicado de ruinas e impactos, tanto antiguos como recientes, su sistema de defensa orbital en ruinas solo proporciona una cobertura intermitente. La entidad politica ha colapsado de forma efectiva y la poblacion actual es desconocida. Saqueadores y supervivientes se enfrentan ocasionalmente; el destello de las armas y el ruido electromagnetico del combate de bajo nivel chisporrotean como las tormentas electricas de un gigante gaseoso.",,,,,
hot_gas_giant,CUSTOM,"Anomalamente cerca de su estrella madre, este gigante gaseoso probablemente se formo en el sistema exterior y mas tarde migro hacia el interior debido a un encuentro fortuito con alguna masa cosmica errante. Compuesto principalmente por gases de hidrogeno y helio, la temperatura y la presion en su nucleo son extremas. ",,,,,
planet_tartessus,CUSTOM,"Sede de la rama local de la Iglesia Ludica y centro economico del sistema. Los tranquilos centros cosmopolitas de Tartessus, que albergan la Curia de Eos Exodus, se agrupan alrededor de mares calidos y calmados. La poblacion del mundo esta dominado por practicantes ludicos de diversas sectas y, aunque es numerosa, es mayoritariamente rural y agraria, manteniendo una existencia generalmente devota mediante la agricultura de subsistencia y la exportacion de artesanias.",,Un mundo viejo y seco con un porcentaje de agua en su atmosfera mucho menor al estandar terrestre. Sin tectonica de placas activa; montanas muy erosionadas y mares poco profundos colmatados de limo. La atmosfera y el campo magnetico protegen la superficie de la radiacion estelar. Los recursos minerales mas accesibles se explotaron en una oleada de industrialismo rapaz poco despues de su descubrimiento.,,,
planet_baetis,CUSTOM,"Un planeta enano del sistema exterior capturado en el punto L4 de Tartessus; las nubes de volatiles se evaporan de la maltrecha superficie de este mundo. La infraestructura desgastada, heredada de la colonizacion inicial del sistema, ha sido reocupada por una animada poblacion de disidentes y no creyentes procedentes de fuera del sistema, exiliados de Tartessus. El propio puerto espacial opera bajo una administracion militar patrocinada por los Caballeros de Ludd, que recaudan diezmos de la actividad comercial.",,"Los anuncios holograficos brotan por las bahias de aterrizaje proclamando una alegria y una malicia sin gusto, disponibles para los viajeros que deseen relajarse, pues incluso aqui el marco moral de la Iglesia impera, aunque de forma lucrativamente invertida. Incluso los fieles se benefician, ya que quienes visitan este lugar por negocios o proselitismo pueden hacer una gran demostracion de rechazar los placeres de Baetis.",,,
planet_daedaleon,CUSTOM,"Lugar donde se ubicaba una antigua base de investigacion operada por la corporacion Tri-Tachyon; un fallo de contencion masivo libero un proceso u objeto altamente energetico y aparentemente autosostenible que se fundio en la corteza, dejando una columna de radiacion extrana que aun hoy emite particulas exoticas. La luna carece de toda actividad humana, salvo por una red de balizas de peligro en orbita mantenidas por los Caballeros de Ludd.",,,,,
planet_hesperus,CUSTOM,"Un mundo helado con una atmosfera fina y fria; la terraformacion industrial del planeta se detuvo aproximadamente cuando la Iglesia Ludica tomo el control del sistema Eos Exodus. Se puede hallar virtud en la adversidad, y los Caballeros la abrazan en las comunidades monasticas marciales dispersas por la superficie de Hesperus. Se permite una mineria organica limitada mediante contratos adjudicados exclusivamente a los fieles. La administracion de Ceyx y Hesperus es compartida por la oficina de un unico presbitero, Orbis.",,"Los monasterios se aferran a fisuras particularmente sublimes, promontorios de escudos volcanicos o al pluton ocasional que se ha abierto paso a traves de la corteza de hielo que envuelve el mundo. Estos prohiben la entrada de visitantes externos -especialmente a los infieles- sin una dispensa de los Caballeros. Sin embargo, por autoridad del presbitero reinante Orbis, varias zonas economicas especiales construidas en los tempanos errantes transmiten balizas de aterrizaje civil para atraer a comerciantes externos al puerto.",,,
planet_ceyx,CUSTOM,"Un planeta enano capturado que alberga la mayor concentracion de instalaciones militares en el sistema Eos Exodus. Los Caballeros han apropiado y ampliado vastas instalaciones de naves bajo la superficie, armerias, cuarteles y todas las instalaciones de entrenamiento, administracion y vivienda que cabria esperar de la sede de la Armada Ludica. La administracion de Ceyx y Hesperus es compartida en la oficina de un unico presbitero, Orbis.",,Susurros paranoicos de comunicaciones militares resuenan por Ceyx; las ciudadelas y fortificaciones subterraneas delatan su presencia mediante el brillo invisible de las redes de disipacion de calor que se extienden por la superficie de la luna cicatrizada como rejillas de punteria.,,,
planet_chaxiraxi,CUSTOM,"Un mundo gigante gaseoso y caliente en orbita cercana de Magec; compuesto principalmente por gases de hidrogeno y helio, la temperatura y la presion en el nucleo son extremas. Debido a la proximidad a su estrella principal, las capas exteriores de Chaxiraxi se calientan continuamente y se desprenden en largas columnas de particulas ionizadas brillantes. Los recolectores de gas despliegan ocasionalmente las alas ligeras de los colectores de campo magnetico para recolectar estos volatiles ligeros.",,,,,
station_new_maxios,CUSTOM,"Antano un importante centro de operaciones de recoleccion en el Disco, la estacion fue invadida por refugiados del colapso de Maxios, y este nucleo de instalaciones de procesamiento se transformo en un habitat civil. Gracias a una tenacidad desesperada y a una pericia ganada con esfuerzo, los refugiados construyeron no solo una nueva sociedad civil, sino tambien un complejo orbital que da soporte a minas de asteroides dispersas y a prospectores independientes.",,"Demasiado pequena para obligar a las grandes facciones a reconocer su derecho sobre todo el Disco, Nova Maxios se considera, no obstante, la entidad sucesora de la Carta de Maxios.

El control del trafico, impuesto por una pequena armada de milicia, es firme pero educado. Los espaciales independientes son bienvenidos como primos en los, hay que admitirlo, rudimentarios cascos y vestibulos de Nova Maxios.",,,
station_tse_enterprise,CUSTOM,"Esta estacion es un centro de reclutamiento de mercenarios y una interfaz comercial con elementos de dudosa reputacion. Una fuerza de tarea de Tri-Tachyon se hizo con la estacion hace algunas decadas mediante una escritura de apariencia plausible y una flota de guerra definitivamente persuasiva. A partir de entonces, se organizo un puerto comercial y un astillero certificados por TT para uso de las flotas de la Compania. Aquellos que se negaron a pagar los nuevos alquileres fueron desalojados; ahora se rumorea que la satisfaccion del cliente supera el 90 por ciento.",,"Poblada principalmente por piratas retirados, radicales exiliados y refugiados con mas recursos, es bien sabido que aqui se borran y reetiquetan los identificadores de los contenedores de carga para que puedan reintroducirse de forma segura en la economia legitima de los Mundos del Nucleo.

Se dice que el bar de cocteles ""Level 25"" tiene las mejores bebidas de este sector.",,,
station_kantas_den,CUSTOM,"Este habitat de asteroide fue tomado por una oficial de logistica del Dominio sumamente ambiciosa, la coronel Kanta, durante el colapso de la entidad del Estatuto de Maxios poco despues de la caida de los Portales. Posteriormente se unio a la Hegemonia, estado sucesor del Dominio, solo para traicionarlos y cerrar un trato con el senor de la guerra Onesimos Loke durante su invasion del Sector Perseano. Tras la derrota de Loke, Kanta se arrogo el titulo de senor de la guerra.

La estacion esta protegida por una nube de minas de sigilo y bases de fuego rudimentarias. La propia Kanta, que ahora se rumorea tiene casi dos siglos de edad en tiempo de vigilia, lidera una pequena dinastia pirata y aun mantiene un ferreo control personal sobre el ""negocio familiar"".",,"El control de trafico parece dedicar su tiempo a intercambiar bromas pesadas con los piratas cuando no intenta extorsionar con sobornos a las naves que atracan. Un ingenioso despliegue de cascos de naves estelares vaciados adorna la estacion, y un examen mas detallado revela restos desecados por el vacio, sujetos mediante picadores de mineros de asteroides. El mensaje es inequivoco.",,,
orbital_station_default,CUSTOM,"Una enorme estacion espacial que puede albergar astilleros, habitats, fabricas o grandes reservas de armas y suministros. Estas plataformas permiten a la humanidad proyectar poder militar e industrial por todo el espacio conocido.",,,,,
shepherd,SHIP,"El Ko Combine r450 ""Shepherd"" establece el estandar para los transportadores civiles de drones con una fiabilidad inigualable, bajo coste y un volumen interno dedicado al confort de la tripulacion. Diversos grupos de supervivencia y piratas han ensamblado un paquete de modificaciones de combate muy popular, el mod ""HK"", que consiste en especificaciones para reforzar el blindaje del casco para el combate y potenciar los sistemas de fabrica para obtener una mayor velocidad de rafaga y funcionamiento de las armas. Incluso modificado, el Shepherd es fragil, por lo que, como en la vida civil, depende de un enjambre de drones de utilidad ""Borer"" para realizar su trabajo.

El ""Borer"" esta construido sobre un chasis de dron semiautonomo, resistente y maniobrable, con un escudo adecuado para operaciones peligrosas en las que se pueden esperar altas radiaciones o impactos fisicos. Utilizados comunmente en aplicaciones mineras, tambien se emplean en rescate, eliminacion de armamento e incluso en la limpieza de fusiones de fision. El paquete de mod HK proporciona especificaciones para alterar el enfoque del haz de corte primario y parchea la rudimentaria IA con algoritias tacticas toscas, pirateadas de software obsoleto de los drones de la guarnicion colonial del Dominio. Los apendices del paquete de mod recomiendan precaucion al emplear drones modificados con el kit HK en situaciones que no sean de combate.",,,,,
luddic_church,FACTION,"Inspirada en el martirio de una figura conocida como ""Ludd"" durante la caida del Dominio, la Iglesia de la Redencion Galactica es una iglesia jerarquica con un dogma altamente sincretico, formado por un nucleo de textos abrahamicos y apocrifos, junto con la reaccion de la era del Dominio contra la percepcion de corrupcion, depravacion, hedonismo y la abominacion transhumana. La Iglesia ofrece una vision de una vida vivida con mas sencillez, de virtud agraria y valores humanistas, y de oracion contra la violencia y la alienacion tecnologica que ha desgarrado el Sector en los anos transcurridos desde la Caida.",,,,,
knights_of_ludd,FACTION,"La rama militar de la Iglesia Ludica de la Redencion Galactica, modelada segun las sociedades de guerreros monasticos de milenios anteriores. En las zonas bajo dominio de la Iglesia, estan autorizados a imponer la Correccion Tecnologica, ademas de asegurar, mediante la fuerza, que se promueva la virtud y se castigue el vicio. En las zonas fuera del dominio de la Iglesia, cuando pueden, lo imponen de forma encubierta.",,,,,
luddic_path,FACTION,"La Senda Ludica es una categoria de sectas ludditas radicales, descentralizadas y apocalipticas, asociadas de forma laxa, que reclaman una interpretacion mas autentica del Mensaje de Ludd. Consideran que la Iglesia esta comprometida y corrupta, anteponiendo el ego y los confort mundanos a la Verdadera Senda Ludica en estos tiempos del fin. La guerra de Armagedon es AHORA y las lineas estan trazadas! Solo mediante una accion justa y contundente el Bien destruira al Mal, y solo mediante la violencia la abominacion de la soberbia humana y la rebelion contra Dios sera barrida en un acto final de redencion. O eso pretenden. La Senda Ludica se encuentra necesariamente enfrentada a casi todas las demas facciones del Sector.",,,,,
pirates,FACTION,"No es tecnicamente una faccion unificada, sino mas bien una categoria laxa de bandidos, salteadores, desertores, saqueadores, soldados de fortuna, mercenarios y capitanes libres que comparten una beligerancia comun con las potencias establecidas del Sector. Muchos piratas son fugitivos de la sociedad convencional del Sector -normalmente oprimidos por el statu quo- o polizones de los mundos centrales. La mayoria de los capitanes piratas dificilmente se llamarian a si mismos como tales; se ven mas bien como desafiantes del gobierno inepto de la Hegemonia o de la Liga, buscando venganza por los agravios causados por una sociedad tan extraviada y tomando lo que pueden mediante su astucia y audacia. Estos capitanes pueden caracterizarse por su insaciable sed de libertad y gloria. Naturalmente, no prestan mucha atencion a quienes portan un faro de identificacion oficial, reservando su magnanimidad para sus companeros de viaje: otros piratas.",,,,,
sindrian_diktat,FACTION,"El Diktat Sindriano es un estado fundado tras una intervencion militar de la Hegemonia relativamente reciente en el sistema Askonia, dirigida por el almirante Philip Andrada, antiguo miembro de la Armada de la Hegemonia. El perfil psicologico de Andrada en la Hegemonia lo describe como ""inteligente, carismatico, pero propenso al exceso narcisista"". En sus propias palabras, el Diktat ""se formo en el crisol de la crisis de Askonia y con ella un nuevo pueblo: una raza de humanos con espiritu audaz y claridad de proposito; mas fuertes, poseedores de la voluntad y la determinacion para superar las divisiones y la insignificante politica parlamentaria que solo engendro el caos cuando fue puesta a prueba por el colapso del sistema de Portales"". Considerado por el Sector en general como una dictadura militar.",,,,,
asharu_platform,CUSTOM,"Una zona de preparacion orbital abandonada del proyecto de terraformacion Asharu. Segmentos de cargueros de gran capacidad, descartados y soldados entre un panal de depositos de combustible vacios, formaron antano terminales repletas de ingenieros y colonos. Los hangares permanecen vacios, salvo por algunos cascos desplomados y desmantelados. Los colectores de energia pasivos y los modulos terciarios de soporte vital mantienen la estacion funcionando y en orbita, por poco. Nadie esperaria encontrar nada de valor aqui.",,,,,
pirate_base_generic,CUSTOM,"Una base pirata donde se reunen ""aventureros"", bucaneros, mercenarios y toda clase de escoria y villania. Suele tratarse de un pequeno puesto oculto en los rincones oscuros entre las esferas de interes de las principales facciones. Aqui no hay leyes, pero un codigo no escrito de fanfarroneria y postureo mantiene una paz tensa para que se puedan cerrar tratos, intercambiar informacion y vender el botin a comerciantes sin escrupulos.",,,,,
planet_barad_a,CUSTOM,La espesa corteza helada de este mundo es alimentada por criovolcanes que salpican la superficie. Estos paramos congelados estan surcados por estructuras de lanzadores de masa de una epoca en la que los elementos volatiles de este mundo se extraian a gran escala para alimentar los esfuerzos de terraformacion en otros puntos del sistema. Parte del equipo antiguo ha sido apropiado por bandas dispersas de mineros independientes que se ganan una vida precaria entre los glaciares de hielo de amoniaco.,,"Aunque quedan pruebas de una extraccion de volatiles a gran escala, la superficie de Garnir esta ahora mayormente abandonada, salvo por decenas de pequenas empresas mineras, a menudo asuntos familiares. Se ha perdido la eficiencia de escala, pero la idea es que, sin regulaciones de seguridad ni aranceles, se puede obtener un sustento decente, aunque no sea honesto. Lamentablemente, este es un resultado muy poco comun.",,,
pirate_base_barad,CUSTOM,"Constrada originalmente por Eridani-Utopia para coordinar la extraccion de volatiles para proyectos masivos de terraformacion, la estacion fue abandonada tras el Colapso, cuando la tripulacion y los oficiales corporativos huyeron hacia entidades mas civilizadas. Desde entonces, la estacion ha sido tomada por ""aventureros"", saqueadores y mercenarios que evitan la mirada vigilante y la mano dura de la Hegemonia.",,"Aqui no hay leyes, pero un codigo no escrito de bravuconeria y ostentacion mantiene una paz tensa -o, mas exactamente, un alto el fuego- para que se puedan cerrar tratos, intercambiar informacion y vender el botin. Los mineros independientes que trabajan en las lunas de Barad se reunen aqui para vender sus capturas, contar historias fantasticas y, en general, relajarse.",,,
station_achaman_enterprise,CUSTOM,"El valor de la estacion Achaman reside en ser un puerto de escala relativamente seguro para que los diversos habitantes del Disco de Guayota interactuen con comerciantes de todo el Sector, quienes de otro modo rara vez se arriesgan a los piratas y a la dificil navegacion del Disco. La corporacion Tri-Tachyon, como ""custodia"" de la estacion, esta bien posicionada para explotar su valor con ventaja, y lo hace. Se suele decir que en la estacion Achaman todo esta a la venta.",,"Transportes relucientes traen aqui a los ejecutivos de Tri-Tachyon para estafar metales y productos quimicos basicos a los lugarenos, quienes reciben, a su vez, el conjunto habitual de ""medicinas"" recreativas y para mejorar el rendimiento.

La Garantia de Calidad de Tri-Tachyon es ley aqui; siempre que asegureis el pago puntual de la suscripcion de los dispositivos, bienes, herramientas y soporte vital proporcionados por la corporacion Tri-Tancyon, podreis contar con recibir ""el mejor trato, al estilo Tri-Tachyon!"".",,,
planet_tibicena,CUSTOM,"Una mina a cielo abierto planetaria; la torturada corteza de Tibicena esta sembrada de enormes ejemplos de equipo de mineria, un autentico museo de vacio abierto que documenta la adaptacion de la industria perseana a las limitaciones de las cadenas de suministro del Sector.",,"La superficie de Tibicena esta poblada unicamente por campamentos de trabajo moviles que siguen a las gigantescas maquinas mineras que atraviesan cinturones de mineral valioso. Los mineros trabajan en condiciones deplorables, ahorrando sus salarios para ascender a la orbita y disfrutar de los relucientes placeres de la estacion Achaman Enterprise. Tras ser drenados de creditos de forma eficiente y exhaustiva, y de hecho, con una deuda media muy alta, pronto encontraran el camino de vuelta al ""Pozo"" de Tibicena.",,,
hegemony,FACTION,"La Hegemonia es un estado sucesor militar del Dominio, formado por una ""legion perdida"" que quedo atrapada en un sistema remoto debido al colapso de la red de Portales del Dominio. Basandose en una interpretacion creativa de los protocolos que extiende indefinidamente la ley marcial al estilo del Dominio, los fundadores de la Hegemonia creyeron que la causa primordial para restaurar el Dominio y, por tanto, la estabilidad, la paz y la prosperidad en el Sector y en toda la galaxia, debia primar sobre ciertas sutilezas de los derechos humanos. La supervivencia de la humanidad esta en juego y solo la disciplina del ejercito de la Hegemonia protege los mundos donde se puede cultivar algun atisbo de la normalidad de la civilizacion humana. Cualquier cosa que amenace la Gran Causa debe ser neutralizada; si para el bien comun es necesario disuadir a unos cuantos activistas, que asi sea.

Existen jerarquias civiles para goberrenar los planetas y estaciones bajo el dominio de la Hegemonia, pero estan totalmente subordinadas al ejercito. Los detalles de la organizacion civil varian entre mundos, tal como dictaba la politica del Dominio. En caso de duda, la Hegemonia aplica una carta colonial modificada de la era del Dominio para dictar la organizacion politica. Esta jerarquia civil de carta estandar es generalmente electa; sin embargo, segun la ley marcial, los candidatos validos deben ser aprobados por la autoridad militar local. Los tiempos excepcionales requieren medidas excepcionales, pero aun asi la Hegemonia mantiene la tenue llama de la democracia galactica bajo los mismos principios que fundaron el Dominio.
 ",,,,,
tritachyon,FACTION,"La megacorporacion mas poderosa del Sector Perseano tras la caida de los Portales, la corporacion Tri-Tachyon se especializa en el desarrollo de IA de vanguardia (infringiendo notablemente la prohibicion del Dominio sobre IAs autonomas de nivel alfa+ en varios casos) y en dispositivos exoticos de alta potencia, incluyendo hipermotores, generadores de energia, convertidores de energia, campos de fuerza y, por supuesto, armamento. Desde el Colapso, Tri-Tachyon ha diversificado sus operaciones e insinuado sus inversiones y tecnologias aplicadas por todo el Sector Perseano. Incluso las facciones hostiles, justificadamente paranoicas ante la posibilidad de puertas traseras integradas, se ven obligadas a usar productos estandar de Tri-Tachyon, como el ubicuo PDA TriPad.

Desde cierta perspectiva, las peculiares caracteristicas algoritmicas de automodificacion de los estatutos corporativos de Tri-Tachyon podrian considerarse una forma abstracta de IA que emplea a los oficiales corporativos humanos como componentes integrales, aunque este argumento filosofico nunca se resolvio con la fuerza suficiente para condenar a la empresa por violaciones adicionales a la prohibicion tecnologica.",,,,,
persean,FACTION,"Una alianza formada para contrarrestar la dominacion de la Hegemonia en el Sector. Los miembros de la Liga no siempre estan de acuerdo en todos los asuntos, ya sean internos o de otro tipo, e incluso pueden llegar a entrar en conflicto armado entre si. Pero la Liga se une cuando se trata de la Hegemonia, a la que consideran que impone la ley marcial de forma ilegitima en nombre del Dominio, una entidad politica muerta. La Liga, por sus leyes, se une contra otras amenazas externas, como megacorporaciones particularmente entrometidas, senores de la guerra y la Senda Ludica.

La Liga Perseana no es intrinsecamente igualitaria ni busca la libertad individual como tal; el proposito de la Liga es la libertad de los estados constituyentes, dejando cualquier asunto de politica interna de dichos estados a su propio arbitrio. Mientras que el Dominio podria haber intervenido en las politicas internas de los mundos que gobernaba, la Liga prohibe especificamente tal intervencion.",,,,,
independent,FACTION,"No como una faccion unificada tal cual, los Independientes son una categoria laxa de entidades politicas y agentes libres, unidos mas por la falta de asociacion con una faccion importante que por cualquier cualidad compartida. Los mundos independientes y los espaciales que los llaman hogar suelen compartir datos de reputacion, comercian generosamente entre si y cooperaran con gusto para realizar acciones militares y de seguridad a corto plazo para proteger mejor la libertad que han mantenido trabajando juntos. Con la misma probabilidad, la confianza puede romperse y los Independientes se negaran con suspicacia a concederse favores, competiran ferozmente y haran la vista gorda ante la desgracia de sus vecinos.",,,,,
planet_chicomoztoc,CUSTOM,"Uno de los primeros planetas seleccionados para la colonizacion en el Sector Perseano, Chicomoztoc fue elegido para convertirse en un centro industrial, sede de un nexo de enormes nanoforjas. Al ser descubierto, solo era un candidato marginal para la terraformacion, pero la rapida industria inicial y la guerra posterior han dejado la atmosfera asfixiada por complejos compuestos de azufre, subproductos del refinado de organicos y una preocupante pero manejable capa de actinidos.",,"La enorme poblacion de Chicomoztoc vive en arcologias subterraneas, ciudades-colmena unidas que son gobernadas por turno por poderosos demagogos -que prometen reformas y empleos para las masas de desempleados- o por miembros de las numerosas redes de clientelismo tecnocratico y criminal que sirven a su propia coalicion o, como suele ocurrir, a quien sea que les haya sobornado. Las colmenas sufren ocasionalmente cierres por disturbios, protestas e insurrecciones, pero mientras las Forjas se mantengan seguras y sigan produciendo montanas de bienes, herramientas y cascos de naves estelares, los senores de la Hegemonia apenas interfieren en este gran inframundo de la humanidad.",,,
planet_eventide,CUSTOM,"Eventide es un mundo con rotacion casi sincronizada con su estrella que, por lo demas, resulto ser un candidato ideal para la terraformacion. En Eventide solo pasa un dia por ano, o algo parecido, lo que provoca inviernos y noches extremos, y veranos y dias calidos, con periodos de crepusculo moderado entre ellos. El uso juicioso de espejos y sombrillas estelares permite que prevalezcan condiciones ideales en grandes zonas de territorio cuidadosamente mantenido, donde la mayoria de la poblacion se asienta en cantones urbanos arrendados, rodeados de vastas plantaciones de propiedades aristocraticas.",,"Las familias prominentes de Eventide patrocinan los espejos y sombrillas solares que mantienen islas de habitabilidad. Los desfavorecidos y pobres, mientras tanto, viven en las periferias crepusculares, donde deben soportar con toda su fuerza los duros cambios climaticos del ciclo estacional de verano-diurno y invierno-nocturno. De caracter culturalmente conservador, los medios planetarios se ocupan principalmente de los rituales sociales y las intrigas de las familias principales. El espiritu imperante en Eventide es propicio para aportar un numero desproporcionado de oficiales al ejercito de la Hegemonia. ",,,
planet_coatl,CUSTOM,"Esta luna yerma de Tlalocan esta plagada de tuneles, bunkeres, hangares, silos y baterias; constituye una base militar clave de la Hegemonia que controla el sistema Aztlan sin estar tan cerca de Chicomoztoc como para verse implicada en la politica local.",,"Unas marcas regulares trazan un arco a traves de la corteza de la luna, senalando el emplazamiento de aquellas baterias de armas pesadas que la Hegemonia desea que la inteligencia enemiga conozca. Otras permanecen ocultas de forma aleatoria bajo una capa de regolito, listas para estallar hacia fuera cuando se presente una oportunidad de destruccion.",,,
station_coatl,CUSTOM,"Construido alrededor del nucleo de una nave semilla de la primera gran oleada de migracion al Sector, el Bastion Coatl ha cambiado de funciones y de nombre mas veces de las que cualquier forastero querria repasar. Actualmente alberga el centro militar C3 de la Hegemonia y las instalaciones de entrenamiento para el sistema Aztlan.",,"Cadetes recien llegados de todo el Sector Perseano llenan los pasillos de la estacion Coatl, corriendo entre tareas o mostrandose rigidos y ansiosos incluso cuando descansan, por miedo a la reprimenda de un oficial superior, que en esta etapa podria ser cualquier oficial.",,,
planet_zorrah,CUSTOM,"Esta luna entera de hielo y roca presenta cicatrices visibles desde la orbita debido a la explotacion. Tradicionalmente se ha arrendado a una megacorporacion u otra para alimentar la voracidad industrial de Chicomoztoc, que siempre tiene hambre pero nunca se sacia.",,,,,
planet_hanan_pacha,CUSTOM,Un mundo crematorio devastado por un arma matamundos; las cenizas de los millones de muertos permanecen suspendidas en la atmosfera por tormentas planetarias alimentadas por un vulcanismo de origen antropogenico.,,"Hanan Pacha fue arrasada por un arma matamundos durante la Segunda Guerra de la IA (que, por supuesto, no implico a la IA en si misma como la Primera Guerra de la IA, sino que se centro en el derecho a realizar inspecciones sobre el supuesto desarrollo de IA). Una investigacion adecuada sobre los detalles de la atrocidad se abandono debido a las concesiones realizadas durante el acuerdo de paz.",,,
planet_killa,CUSTOM,"Esta luna aun muestra las cicatrices de la guerra. Las cupulas de su principal centro metropolitano estan destrozadas, y los restos de escombros aun dispersos en patrones radiales quedan expuestos al vacio absoluto. ",,"Vagas lecturas de infrarrojos en un terreno por lo demas irrelevante sugieren la existencia de habitats camuflados bajo el regolito. Definitivamente hay supervivientes escondidos en Killa, aunque ninguna entidad organizada mantiene relaciones abiertas con el resto del Sector. Y si los cascos fundidos de los cargueros errantes sirven de indicacion, los lugarenos no son muy acogedores.",,,
planet_viscacha,CUSTOM,Un cuerpo capturado del sistema exterior con una atmosfera espesa y toxica; esta luna recibe su nombre tanto por su orbita rapida como por una cuenca de forma divertida en el hemisferio sur.,,,,,
planet_qaras,CUSTOM,"Un mundo habitable, aunque frio, terraformado tras el Colapso por elementos de la Corporacion Eridani-Utopia que quedaron varados, utilizando la infraestructura y las reservas existentes. El atractivo de Qaras nunca llego a igualar el esplendor de Hanan Pacha, hasta que este ultimo fue devastado de forma impactante durante la Segunda Guerra de la IA.",,"Durante la era colonial temprana, Qaras era un importante centro de procesamiento de volatiles y organicos operado por Eridani-Utopia. Tras la Segunda Guerra de la IA, todo el sistema fue declarado desmilitarizado y, aunque Qaras evito la devastacion, fue rapidamente confiscado por una alianza de mercenarios y bandidos. Para la Hegemonia aun no ha valido la pena emprender un esfuerzo de recuperacion... todavia.",,,
planet_donn,CUSTOM,"Un mundo solitario y antiguo que las primeras sondas roboticas del Sector determinaron rapidamente que no se formo en el sistema Hybrasil, sino que fue capturado por este hace cientos de millones de anos. Donn fue catalogado con un interes de bajo a moderado debido a sus concentraciones de metales pesados facilmente accesibles.",,"Bombardeado ocasionalmente por patrullas de Tri-Tachyon como una demostracion de fuerza para tranquilizar a los inversores, Donn demuestra, no obstante, ser un lugar ideal para reclutar o para deshacerse de los mercenarios sanguinarios que Tri-Tachyon requiere en tiempos de guerra y desecha en tiempos de paz.",,,
planet_balar,CUSTOM,"Balar es un gigante de hielo compuesto principalmente de agua, amoniaco y metano. La cubierta de nubes heladas gira de forma casi placida, salvo por una gran y oscura tormenta sobre el polo sur. Se ha dedicado poco esfuerzo a investigar esta anomalia.",,,,,
planet_cethlenn,CUSTOM,"Un mundo helado de rios de amoniaco, mesetas de hielo de agua y glaciares de metano. Las particulas cargadas atrapadas en el campo magnetico de Balar crean auroras fantasticas en la tenue atmosfera de Cethlenn. Las plataformas de extraccion de organicos, ocupadas estacionalmente, son atendidas por el unico asentamiento permanente de Cethlenn, una ciudad construida sobre un arco unico de promontorios rocosos erraticos.",,"La influencia de Tri-Tachyon es evidente en este estado nominalmente independiente. Los hologramas publicitarios y los productos de TT son ubicuos, al igual que los creditos blanqueados a traves de la industria y el comercio local mediante los ""acuerdos"" considerados ilegales por los tratados comerciales del Sector Perseano.",,,
planet_ena,CUSTOM,"Extranamente densa y rocosa entre sus lunas hermanas, la superficie de Ena esta surcada por rastros de gases congelados que brotan de numerosos geiseres calentados por la tension de marea. Una atmosfera fina pero visible alimenta el toro de particulas cargadas atrapadas en la poderosa magnetosfera de Balar.",,,,,
planet_crom_cruach,CUSTOM,"Este mundo es yermo y carece de importancia, salvo por la presencia de compuestos de azufre inusuales de poco valor economico. Durante la colonizacion del sistema Hybrasil, las cooperativas mineras establecieron extensas explotaciones para extraer mineral para los hambrientos hornos de Culann. Sin embargo, el Colapso provoco que la administracion civil de Crom Cruach implosionara en las batallas, tanto politicas como literales, para ejercer influencia sobre este punto estrategico cercano al mejor punto de salto hacia el sistema interior.",,,,,
planet_culann,CUSTOM,"Las minas mas antiguas de las famosas minas de Culann se convirtieron, de forma sospechosa y poco despues del Colapso, en una importante base militar de Tri-Tachyon que proyecta su poder por todo el sistema interno de Hybrasil y hacia los sistemas vecinos. Se dice que los arsenales mas profundos contienen armas fabulosas basadas en tecnologia arcana revelada por una incomprensible epifania de una IA, aunque tras dos guerras, ningun inspector de la Hegemonia ha puesto un pie dentro para confirmar tales rumores.",,"Series de estructuras de astilleros de alta tecnologia desfilan en arcos relucientes sobre Culann, siguiendo a la forja estelar de Culann como un enjambre de crias. El planeta esta fuertemente fortificado y dotado de baterias antinaves. El marketing de Tri-Tacaion logra proyectar una imagen de bienvenida favorable a los negocios en las bahias y galerias de recepcion, que solo insinua la potencia del arma temible que se oculta bajo la superficie y cuelga en la orbita.",,,
station_culann,CUSTOM,"La Forja Estelar Culann se fundo hace varios cientos de anos como un importante centro de metalurgia y refinado en gravedad cero, por una empresa cuya fuerza residia en una cartera de ingeniosas tecnologias de almacenamiento y conversion de energia que permitieron el aprovechamiento eficiente de la estrella principal de Hybrasil. Esta firma, sus propiedades y la propia Culann fueron adquiridas rapidamente por la corporacion Tri-Tachyon, que tradicionalmente ha dominado las industrias de generacion, conversion y proyeccion de energia.",,"Los hologramas en la sala de recepcion comercial muestran alegremente el producto brillante y desintegrador resultante de sistemas de armas disenados y fabricados por Tri-Tachyon que han fallado. Pronto aprenderas, por medio de un insistente comercial, que el refrigerio es gratuito para los capitanes de naves estelares que nos visitan.",,,
planet_eochu_bres,CUSTOM,"Terraformado a finales de la colonizacion del Sector Perseano, Eochu Bres es un mundo de picos y fiordos recien desgarrados por un clima violento y de cambios rapidos. Sigue siendo mas frio de lo optimo para un mundo terrestre, a pesar de una red de espejos orbitales completada poco antes del Colapso.",,"Las relucientes arcologias de la compania Tri-Tachyon se alzan sobre la caotica expansion de una conurbacion de chabolas. El asalariado de Tri-Tachyon nace, vive y muere protegido por drones de seguridad en la ciudad alta, Xanadu, mientras una clase desesperada de trabajadores por contrato habita la ciudad baja, donde se puede comprar o vender cualquier cosa, incluida la ley, bajo el dominio supremo del dinero de la Compania.",,,
inactive_gate,CUSTOM,"Un anillo silencioso de material adamantino, pecio de una era pasada.",,,,,
active_gate,CUSTOM,"Un anillo silencioso de material de adamantino. Si sabes como buscar -y ahora sabes-, tus sensores pueden detectar una tenue vibracion de dimensiones superiores.

Es como una cancion apenas audible, una puerta que espera ser abierta.",,,,,
station_tigra_city,CUSTOM,Poco despues de la llegada de los humanos al Sector se establecieron las operaciones mineras en el Anillo de Tigra. Sucesivas oleadas de extraccion han presenciado huelgas de mineros y rebeliones a traves de la rotacion de las megacorporaciones que recibieron la licencia para supervisar la operacion de la estacion Tigra.,,"Los descendientes de aquellos primeros mineros se han dedicado a gestionar granjas espaciales de baja gravedad y astilleros de reparacion en los yacimientos de mineral agotados y en las viejas plataformas de prospeccion integradas ahora en los anillos de la estacion. La poblacion conserva la recalcitrancia de sus antepasados, aunque las peleas que estallan entre los lugarenos y las tripulaciones de la armada suelen ser el resultado de fanfarronadas de borrachos mas que de una resistencia ideologica.",,,
planet_typhon,CUSTOM,Un gigante gaseoso mayormente anodino compuesto principalmente de hidrogeno y helio. Hace algunas decadas estallo un pequeno escandalo cuando un cientifico denunciante afirmo que el planeta alberga una familia de xenovida que emplea propiedades similares a aspectos de la tecnologia de fase. El cientifico fue ingresado en un centro de cuidados en Eventide y la autoridad sobre la orbita baja fue entregada por completo a una administracion militar de la Hegemonia.,,,,,
planet_sphinx,CUSTOM,"Fundada como un centro de logistica de la flota del Dominio durante la colonizacion inicial del Sector Perseano, se construyo una pequena instalacion de produccion de combustible AM en las profundidades de la superficie de Sphinx para proporcionar a la Armada del Dominio un suministro ininterrumpido de combustible en caso de una rebelion local. La Hegemonia ha heredado esta vision estrategica.",,"El control de trafico es estricto y todas las naves entrantes son identificadas y rastreadas por baterias antinave. La militarizacion se extiende a la infraestructura civil: las instalaciones de control, aunque inactivas en la actualidad, estan emplazadas en pasos importantes y centros de transito.",,,
planet_orthrus,CUSTOM,"Montanas de hielo de agua brotan de una superficie cubierta por glaciares de metano y una fina capa de nieve de nitrogeno. Un punado de mesetas de silicato erraticas ofrece escasas oportunidades de mineria. No es un mundo prospero; la industria extractiva de Orthrus, en su conjunto, se ha mantenido durante generaciones gracias a contratos procedentes del espacio de la Hegemonia.",,"Gobernado por un consejo de pequenas empresas familiares respaldadas por inversores externos, el fenix de la Hegemonia nunca considero oportuno proteger Orthrus bajo su ala ardiente. Las reservas de recursos son demasiado pobres, su valor estrategico se ve eclipsado por la luna militarizada de Sphinx, y la entidad politica es demasiado util como simbolo del supuesto respeto de la Hegemonia por los mundos independientes como para integrarla plenamente.",,,
station_chupi_orco,CUSTOM,"Lo que antano fue una gigantesca maquina industrial que manipulaba la magnetosfera de Chupi Orco para atraer volatiles al espacio desde las zonas mas altas de un sistema de tormentas artificial, sus bobinas, generadores y tanques estan ahora vacios, y los habitats han sido atravesados por lanzas de energia. Algunos hangares y tuneles de acceso aun muestran una funcion minima de soporte vital, languideciendo con lastima hasta que las inevitables fugas de gas y la suciedad en las celulas solares dejen la estacion tan fria y muerta como la tumba que es. ",,,,,
lava_minor,PLANET,Un planeta geologicamente inestable sin una corteza formada de forma permanente. Fisuras brillantes y volcanes activos salpican la superficie; el magma que expulsan se combina para formar flujos que recorren cientos de kilometros por la superficie carbonizada.,,,,,
planet_ithaca,CUSTOM,"Un mundo viejo y seco con un campo magnetico casi inexistente; aun asi, la Corporacion de Terraformacion Eridani-Utopia lo considero un buen candidato. Tras permanecer en calma durante miles de millones de anos, la estrella de Penelope se convirtio en un hervidero de actividad para impulsar la transformacion de Ithaca y su mundo hermano, Ogygia, solo para verse sumida en el caos absoluto tras el Colapso.",,"Un escaneo de la superficie revela un punado de emplazamientos temporales, presuntamente laboratorios de planetologia, sitios de prospeccion geologica y algunas minas a cielo abierto. Pequenas estaciones meteorologicas roboticas emiten ocasionalmente un debil e inutible pulso de radio; los instrumentos han quedado inutilizados por las tormentas de polvo.  ",,,
planet_ogygia,CUSTOM,"Un mundo pequeno y esteril cuya superficie muestra la marca de un evento de impacto verdaderamente catastrofico y relativamente reciente; aun asi, Ogygia se considero un segundo candidato de terraformacion valioso debido a la infraestructura desplegada en todo el sistema para su mundo hermano, Ithaca. El Colapso puso fin a estos planes.",,"Un gran evento de impacto ha dejado gran parte de un hemisferio de Ogygia como un mar de lava fria, hundido decenas de kilometros por debajo de la elevacion media. Queda poco de la presencia humana, salvo cimientos despojados y, curiosamente, la mitad del casco de un acorazado clase Onslaught, radiante de calor, en el fondo de un canon de fractura.",,,
station_telepylus,CUSTOM,"Una vasta estacion orbital construida alrededor del nucleo de una antigua nave de esporas de la era de la Expansion, enterrada bajo un bosque de hangares modulares, modulos industriales y anillos habitables. Esta estacion fue en su dia la zona de despliegue para buques de transporte de asteroides y refinerias moviles que patrullaban el sistema exterior. Ahora esta completamente muerta.",,"Los reactores principales y todos los componentes industriales valiosos han sido desmantelados, y con prisas, a juzgar por los extensos danos secundarios. Los sistemas de reserva pasivos quedaron inutilizados durante el proceso y la estacion esta demasiado lejos del nucleo principal como para recibir energia suficiente que mantenga el soporte vital. Una pequena advertencia en vuestro ordenador de navegacion informa de que la orbita de la estacion esta decayendo y que se quemara en la atmosfera de Telepylus en menos de quinientos ciclos.
No se recomienda el acoplamiento con la estacion.",,,
planet_ismara,CUSTOM,"Un mundo de hielo y frio extremo, Ismara era el lugar perfecto para instalar minas e instalaciones de lanzadores de masa para enviar bloques de mega-toneladas de agua envuelta en grafeno y paquetes de nitrogeno hacia el sistema interior para nutrir los mundos terrestres de la estrella Penelope.",,"Desde la orbita, las cicatrices de las trayectorias de los lanzadores de masa lineal son facilmente visibles, aunque un escaneo mas detallado revela que lo unico que queda son lineas de columnas de soporte deformadas que brotan del regocreto; las bobinas superconductoras y otros componentes valiosos fueron saqueados hace mucho tiempo. Del mismo modo, las cupulas de las plantas de fusion y las fabricas han quedado abiertas a la tenue atmosfera, y la extension de las redes de habitats muertos queda cada vez mas oculta por las derivas de metano conforme pasan los ciclos.",,,
planet_nortia,CUSTOM,"Un planetoide metalico y silicatado, grande aunque anonimo, atrapado en el punto L4 del gigante gaseoso Salus. Nortia estuvo dedicada a operaciones mineras roboticas estacionales y al abuso de sustancias antes de verse inundada de refugiados durante la crisis de Askonia. Actualmente constituye la base independiente mas fuerte de los rebeldes charteristas en el sistema.",,"Desde la Crisis, los centros de mineria y refinado de Nortia se han convertido en extensos y tumorales suburbios de espuma rocosa; aqui se siguen tuneles mineros bajo la superficie, con antenas de comunicaciones, colectores solares y cupulas de presion brotando de la roca. El gobierno civil se lleva a cabo mediante un acuerdo inestable entre las fuerzas de resistencia charristas subterraneas (organizadas en una estructura dual de jerarquia militar y celulas) y un cartel en la superficie de contrabandistas independientes que fingen ser un gobierno legitimo, el cual incluso presume de algo parecido a una presencia diplomatica de la Hegemonia. ",,,
planet_druj,CUSTOM,"Un mundo muerto y esteril, aunque con un campo magnetico apreciable que sugiere un nucleo metalico diferenciado. Las tormentas de iones desatadas por Aka Mainyu banan Druj con espectaculares particulas de alta energia, erosionando los volatiles y dejando arcos oscuros de hierro de nanofase en el regolito.",,,,,
planet_aka_mainyu,CUSTOM,"Con rotacion sincronica respecto a su estrella, el lado diurno del gigante gaseoso caliente Aka Mainyu es un eterno y helado torbellino con vientos de metales vaporizados que alcanzan velocidades de miles de kilometros por hora. Medio millon de toneladas de gas ionizado son expulsadas de la atmosfera cada segundo, creando una compleja cola magnetica en espiral con efectos detectables en todo el volumen interno del sistema Duzahk. ",,,,,
toxic_cold,PLANET,"Un mundo helado envuelto en una espesa niebla de nitrogeno moteada con nubes de etano y metano. La superficie esta formada por hielo de agua erosionado, dunas de compuestos organicos azotadas por el viento y mares de hidrocarburos. El agua liquida brota burbujeante con metano de criovolcanes impulsados por el calentamiento de marea y la desintegracion de elementos radiactivos en lo profundo del manto.",,,,,
slipstream,TERRAIN,"Un flujo en el hiperespacio, similar a las corrientes que navegaban los antiguos marinos de la antigua Tierra.",,,,,
nebula,TERRAIN,"Nubes interestelares de hidrogeno, helio y polvo que causan un ruido de sensores significativo que puede ayudar a una flota que se oculte en su interior. El medio (relativamente) denso tambien interfiere con el funcionamiento del campo de propulsion.",,,,,
event_horizon,TERRAIN,El flujo gravitatorio cerca del horizonte de sucesos de un agujero negro es extremo.,,,,,
pulsar_beam,TERRAIN,Un chorro magnetizado y relativista combinado con una radiacion intensa. Comunmente emitido por estrellas de neutrones.,,,,,
corona,TERRAIN,Un halo de plasma de alta temperatura que rodea una estrella; la mayoria de las naves no estan construidas para soportar una exposicion prolongada al bombardeo de radiacion extrema de la corona y sufriran danos si permanecen en su interior.,,,,,
corona_aka_mainyu,TERRAIN,Una tormenta de iones de alta energia y fluctuaciones magneticas excepcionalmente fuertes. La mayoria de las naves no estan construidas para soportar una exposicion prolongada a semejante bombardeo de radiacion extrema y sufriran danos si permanecen en su interior.,,,,,
asteroid_belt,TERRAIN,Una zona orbital abundante en asteroides.,,,,,
ring,TERRAIN,"Un disco denso de polvo o hielo que provoca un gran ruido de sensores, lo que ayuda a las flotas que se ocultan en su interior. El medio no tiene la densidad suficiente para frenar las naves de forma significativa.",,,,,
debris_field,TERRAIN,"Escombros dejados tras una batalla, una operacion de rescate o simplemente restos que derivan juntos en un lugar gravitatoriamente estable.",,,,,
asteroid_field,TERRAIN,Una zona del espacio abundante en asteroides.,,,,,
magnetic_field,TERRAIN,Un fuerte campo magnetico que atrapa particulas cargadas de alta energia. Es extremadamente dificil obtener lecturas de sensores de una flota que aceche en su interior.,,,,,
hyperspace_normal,TERRAIN,"Este medio topologicamente exotico, que no es exactamente espacio-tiempo, es utilizado por las naves estelares para sortear las limitaciones que la geometria euclidiana impone a los viajes interestelares.",,,,,
hyperspace_deep,TERRAIN,"Esta zona de hiperespacio es particularmente caotica, lo que dificulta el funcionamiento incluso de los equipos calibrados para el hiperespacio.",,,,,
hyperspace_storm,TERRAIN,"Este volumen de hiperespacio esta experimentando cambios de fase caoticos que provocan cascadas de resonancia sumamente fluctuantes. Advertencias antiguas y funestas sobre la exposicion prolongada a los llamados ""tormentas de hiperespacio"" se han transmitido de generacion en generacion entre los espaciales.",,,,,
hyperspace_abyssal,TERRAIN,"Hiperespacio abisal, casi impenetrable para los sensores y que ejerce una presion enorme sobre el campo de propulsion. Tema de muchos relatos de antiguos espaciales, mas facil de ignorar con una risa en la comodidad de un bar de un astillero.",,,,,
stellar_mirror,CUSTOM,"Una matriz de espejos orbitales ultraligeros utilizada para reflejar y concentrar la energia solar. Los espejos estelares son una herramienta de terraformacion comun, y el arte de su uso alcanzo su apogeo con la corporacion de terraformacion Eridani-Utopia durante la edad de oro de la fase de expansion del Dominio.",,,,,
stellar_shade,CUSTOM,"Una matriz de sombreado orbital ultraligera utilizada para desviar y recolectar energia solar. Los sombreados estelares son una herramienta de terraformacion comun, y el arte de su uso alcanzo su apogeo gracias a la corporacion de terraformacion Eridani-Utopia durante la edad de oro de la fase de expansion del Dominio.",,,,,
kite,SHIP,"Un diseno civil familiar, el aerotransporte de clase ""Kite"" es el recordatorio diario de la reputacion de Fabrique Orbitale en ingenieria aeronautica, una especialidad valiosa incluso en la era de los viajes espaciales. Esta compacta nave/aeronave esta aerodinamica para un vuelo atmosferico eficiente y cuenta con una red de propulsores de maniobra de rafagas cortas habilmente distribuidos, coordinados por un subsistema de IA de nivel delta para garantizar aterrizajes suaves (un punto que la publicidad de Fabrique recalca mediante divertidos anuncios holograficos que muestran a una pareja bien vestida y una copa de vino rebosante). El Kite posee motores potentes para una nave civil de su tamano, aunque su maniobrabilidad en gravedad cero deja algo que desear cuando el subsistema especial no esta activado.

En los peligrosos ciclos posteriores al Colapso, el Kite ha sido equipado con una torreta de defensa en lugar de la cupula de observacion de clase ejecutiva, y los dos propulentes auxiliares han sido sustituidos por sistemas de misiles (que no necesitan recurrir a la limitada planta de energia). No aguantara en un combate justo, pero al Kite se le pueden dar unos dientes inesperadamente afilados y usar su velocidad para escapar de los asaltantes. Incluso se tiene constancia de que radicales de la Senda Ludica han utilizado Kites modificados para lanzar armas de ataque contra cargueros indefensos, para despues activar el subsistema de maniobra y realizar una salida rapida para evitar la ira de la escolta de su victima.",,,,,
gryphon,SHIP,"El Gryphon es un crucero de misiles especializado, disenado para proporcionar una plataforma muy movil de apoyo de fuego pesado. No es un crucero de primera linea, por lo que funciona mejor cuando cuenta con escoltas.

Entre la llamada oleada de naves de la ""Escuela de Cruceros"" disenada por Altair Exotech, el Gryphon fue un componente clave de la estrategia de proyeccion de poder que se puso de moda poco antes del colapso del sistema de los Portales. El Gryphon estaba destinado a permitir que un comandante de una fuerza de tarea concentrara rapidamente rafagas de fuego pesado especializado, formando un martillo devastador contra el yunque de los cruceros y destructores de clase asalto. Al menos, asi reza el manual tactico de la era del Dominio.

Es de especial interes la nanoforja de misiles integrada en el casco del Gryphon: este sistema de nanoforja de arquitectura fija permite una conversion extremadamente rapida de materia prima densamente empaquetante y preformulada en una gama limitada de municiones en pleno combate. Esto permite al Gryphon convertir eficazmente masa concentrada en armamento deseado, permitiendo el reabastecimiento de las reservas de misiles durante la batalla. La produccion de flujo de este proceso es, por supuesto, tremenda, por lo que no se recomienda a los capitanes que dependen de sus escudos para bloquear el fuego enemigo que activen el sistema de nanoforja de misiles integrado.",,,,,
hammer,WEAPON,"Este cohete de disparo directo era ubicuo en el Sector Perseano antes del Colapso debido a aplicaciones civiles iniciadas por los mineros de asteroides. Arma de ataque predilecta de quienes carecen de equipo, el Hammer es empleado con frecuencia por pobres milicias independientes, piratas y, especialmente, por la Senda Ludica. Esto ha dado lugar al nombre alternativo, ligeramente blasfemo, para el arma: ""El Martillo de Ludd"".",,,,,
hammer_single,WEAPON,"Este cohete de disparo sin guia era ubicuo en el Sector Perseano antes del Colapso debido a las aplicaciones desarrolladas por los mineros de asteroides. El Hammer es el arma de ataque predilecta de quienes carecen de equipo, siendo empleado a menudo por pobres milicias independientes, piratas y, especialmente, la Senda Ludica. Esto ha dado lugar al nombre alternativo, ligeramente blasfemo, de esta arma: ""el Martillo de Ludd"".",,,,,
hammerrack,WEAPON,"Este cohete de disparo sin guia era ubicuo en el Sector Perseano antes del Colapso debido a las aplicaciones iniciadas por los mineros de asteroides. Arma de ataque predilecta de quienes carecen de equipo, el Hammer es empleado a menudo por pobres milicias independientes, piratas y, particularmente, por la Senda Ludica. Esto ha dado lugar al nombre alternativo, ligeramente blasfemo, de la arma: ""el Martillo de Ludd"".

El montaje de rafaga de Hammer es un ejemplo conmovedor de la eficacia de la cantidad.",,,,,
jackhammer,WEAPON,"Este cohete de disparo sin guia era ubicuo en el Sector Perseano antes del Colapso debido a las aplicaciones iniciadas por los mineros de asteroides. Como arma de ataque predilecta de quienes carecen de equipo, el Hammer es empleado a menudo por milicias independientes pobres, piratas y, particularmente, por la Senda Luddica. Esto ha dado lugar al nombre alternativo, ligeramente blasfemo, para el arma: ""el Martillo de Ludd"".

Este soporte particular de tres disparos se gano su nombre cuando algun habil espacial descubrio como modificar el cargador civil para convertirlo en una salva de uno-dos-tres que sacude el casco. La modificacion se extendio por el Sector aparentemente de la noche a la manana.",,,,,
squall,WEAPON,"Misiles de medio alcance anti-escudo destinados a usarse en la ronda inicial de un encuentro de combate para desactivar los escudos de un oponente desprevenido, abriendo una oportunidad para que los proyectiles anti-blindaje de alto dano se desplieguen inmediatamente despues de la rafaga del Squall.

Los modulos de misiles intercambiables se disenaron para facilitar una recarga rapida de la impresionante rafaga de 20 disparos del Squall, pero la gran masa de los modulos y la compleja mecanica de los cargadores automaticos de misiles hacen que el proceso sea poco manejable y que el tiempo de respuesta sea algo inferior a las especificaciones originales de la Armada del Dominio. No obstante, el Squall es un sistema de armas aterrador cuando se despliega contra combatientes que dependen de escudos, ya que obliga a un capitan con un sistema de defensa de punto insuficiente a desactivar sus escudos o a someterse a un flujo de escudo muy alto que puede provocar una sobrecarga. ",,,,,
locust,WEAPON,"Un sistema de misiles guiados de gran tamano y corto alcance, disenado para lanzar un gran numero de proyectiles y abrumar y lisiar a los escuadrones de cazas enemigos en una sola salva. El Locust puede usarse contra objetivos mas grandes, pero tendra poco efecto relativo a menos que los escudos y el blindaje ya hayan sido vulnerados.

El Locust lanza rafagas de treinta misiles pequenos por salva. Sistemas de seguimiento individuales, robustos y de baja potencia, son coordinados por un sistema de inteligencia de enjambre distribuido para permitir un excelente seguimiento de los objetivos, mientras que los micromotores quimicos proporcionan maniobrabilidad durante un breve tiempo. Los algoritmos de fijacion de objetivos, probados y fiables, basados en los antiguos sistemas de misiles Swarmer, permiten que los Locust fallen muy rara vez. El Locust se ha ganado con razon un lugar en las pesadillas de los pilotos de cazas.",,,,,
forgevats,SHIP_SYSTEM,"Un sistema de nanoforja de arquitectura fija que permite la conversion rapida de materia prima preformulada en municion de misiles durante el combate. La produccion de flujo de este proceso es tremenda, por lo que no es aconsejable utilizar el sistema de nanoforja de misiles integrado mientras se recibe fuego enemigo.",Especial,Repone parte de la municion de misiles cuando se utiliza y genera una gran cantidad de flujo.,,"La cantidad de misiles recargados es igual a la capacidad de municion base de cada arma, antes de cualquier modificador de habilidades o mods de casco.",
forgevats_station,SHIP_SYSTEM,Un sistema de nanoforja de arquitectura fija que permite la conversion rapida de materia prima preformulada en municion de misiles durante la batalla.,Especial,Repone parte de la municion de misiles al usarse.,,"La cantidad de misiles recargados es igual a la capacidad de municion base de cada arma, antes de cualquier modificador de habilidades o mods de casco.",
starliner,SHIP,"Un transatlantico de una era mas civilizada, el Mbaye-Gogol 440 ""Starliner"" fue construido para viajar entre los sistemas del Dominio con rapidez y comodidad. El Starliner cuenta con cabinas de primera clase privadas, dos tipos de servicio de comida, un teatro de gravedad cero e incluso una pequena bahia de atraque/lanzamiento para uso exclusivo de los pasajeros de clase ejecutiva. (Al ser una nave civil, no dispone, por supuesto, de instalaciones para la reparacion y el rearmado de cazas).

El Starliner esta equipado con un escudo frontal para garantizar la seguridad de los pasajeros y proteger el casco de la abrasion rutinaria. Reequipada para las realidades actuales del Sector, esta clase de nave se equipa habitualmente con lanzadores de bengalas antimisiles de banda completa, asi como con varias torretas de canones; esto sirve no solo para evocar una sensacion de aventura, sino para disuadir la pirateria casual, justificando al mismo tiempo un ""recargo por municiones"" en cada venta de billetes.",,,,,
nebula,SHIP,"El voluminoso pero poco agil casco del Mbaye-Gogol 430 ""Nebula"" hace poco por realzar el romance de los viajes interestelares, pero garantiza una respetable capacidad de pasajeros y carga para una nave de su clase. De hecho, el Nebula ha llegado a dominar lentamente el servicio de pasajeros de gama media desde la tibia acogida de su primera linea de produccion.

El Nebula esta equipado con un escudo frontal para mejorar la seguridad de los pasajeros y prolongar el programa de mantenimiento del blindaje del casco. Y, siendo el Sector lo que es, se han montado varias torretas balisticas y lanzadores de bengalas de banda completa antimisiles en lugares fortuitos para asegurar a los pasajeros que pagan que su bienestar es la maxima prioridad del operador.",,,,,
mudskipper,SHIP,"Utilizada principalmente como transbordador interplanetario, la Mudskipper es, de hecho, capaz de realizar viajes interestelares. La nave no dispone de un generador de escudos integrado, por lo que debe confiar en su blindaje -resistente para ser una nave civil- para proteger a los pasajeros y la carga. Hay pocas esperas con la Mudskipper en combate, pero suele estar equipada con una torreta orientada hacia la popa para frustrar los ataques de los siempre populares misiles Salamander.

Producida inicialmente como la clase ""Pegasus"", tuvo que volver a su codigo de modelo en la documentacion oficial debido a una reclamacion de marca registrada. Los operadores bautizaron rapidamente el modelo MGA-220 con el nombre ""Mudskipper"" y el nombre calo. Esta pequena y resistente nave ha sido un pilar del transporte civil en los mundos remotos durante siglos y, aunque no es muy vistosa, su robusta construccion simplifica el mantenimiento y sus generosas compuertas de carga permiten una gran versatilidad. Hasta la fecha, la imagen de la Mudskipper en la mente del publico quedo consolidada por una secuencia de holovideo algo improbable en la que una Mudskipper transportaba una manada de bovidos a un pintoresco mundo arido terraformado.",,,,,
scarab,SHIP,"El Scarab es un casco experimental y poco comun desarrollado por la corporacion Tri-Tachyon. Solo se ha producido una serie limitada de prototipos.

La tecnologia que viola gravemente la causalidad fue prohibida por el Dominio, y esta prohibicion es mantenida ahora por la doctrina de la Hegemonia, con el apoyo de la Iglesia Ludica. No obstante, son los pocos ejemplos de esta tecnologia los que forman la base de la civilizacion humana interestelar, desde el antiguo sistema de los Portales (dependiendo de la teoria que se tenga sobre su funcionamiento) hasta el comun viaje y comunicacion por hiperespacio FTL. Tri-Tachyon siempre ha forzado los limites de estas tecnologias -y de la ley- encabezando el desarrollo de la tecnologia de fase. El sistema prototipo ""Temporal Shell"", integrado de forma unica en el casco del Scarab, no es una excepcion.

Por tanto, no es tanto que el Scarab manipule el tiempo, sino que evita la tasa normal de consecuencia del marco de referencia local. El efecto, tan perturbador para los teologos ludicos como para los profanos, es que el tiempo parece ralentizarse para el mundo exterior. Por supuesto, uno debe evitar decir esto a oidos de los fisicos temporales aplicados que operan tales milagros, para evitar una tediosa correccion terminologica. ",,,,,
centurion,SHIP,"Una fragata de combate pesado y solida, la Centurion es fiable para cubrir y mantener huecos en la linea de batalla, segun la doctrina de la era del Dominio practicada por el estado sucesor del Grupo de Batalla XIV.

La Centurion es valorada por su versatilidad debido a la abundancia de ranuras de armas hibridas y a un campo de amortiguacion integrado que le permite ignorar el temible poder de fuego que seguramente enfrentara en combate.",,,,,
wayfarer,SHIP,"Con un blindaje y armamento respetables para una fragata pesada, el Wayfarer no encaja en la despiadada economia que le convendria para el comercio de carga en las rutas dedicadas donde la seguridad esta garantizada por zonas civilizadas (o, al menos, por una escolta armada). No, el Wayfarer es una nave estelar para los viajes solitarios en la frontera, entre mundos donde reina la dura ley de la necesidad, donde vagan los bandidos y donde el cruce de las torretas propias es el mejor consuelo que se puede hallar en el frio alcance del espacio. ",,,,,
ionpulser,WEAPON,"Construido para mejorar la potencia de fuego, esta version mejorada del Canon de Iones emite un pulso electromagnetico (EMP) que puede inhabilitar rapidamente los sistemas y motores enemigos, infligiendo un gran dano y extendiendose hacia los modulos cercanos a los puntos de impacto.

El medio de ganancia no estandar del Ion Pulser proyecta materia barionica altamente ionizada en un proyectil coherente a traves de uno de tres aparatos aceleradores lineales rotatorios. Cuando el proyectil de iones impacta en el objetivo, crea un campo magnetico localizado que causa estragos en todo tipo de electronica, incluyendo sensores, encendedores de combustible, modulos de fijacion de objetivos, ordenadores, etc. El arma tambien funde ciertos circuitos y puede forzar ligeramente los generadores de escudos, por lo que no inflige un dano permanente despreciable. Rara vez es el unico tipo de arma instalada en las naves.",,,,,
ionbeam,WEAPON,"Como arma de apoyo de largo alcance, el Rayo de Iones es capaz de disparar arcos de PEM cada vez mas disruptivos a traves de los escudos a medida que aumentan los niveles de flujo duro del objetivo, aunque con un elevado coste de flujo para la nave que dispara.

Tras la entrega del Pulsador de Iones a los campos de pruebas Chernabog, las pruebas de disparo y las simulaciones tacticas conclieron que el sistema de armas no era apto para la funcion descrita en la licitacion original ganada por Bhilai Exospace. Se dedujo una fuerte penalizacion de la tarifa de entrega y se envio a los ingenieros de vuelta para producir un arma de energia cargada con alcance suficiente para ser montada en plataformas de combate que se preveia situar en la retaguardia en lugar de en la linea de frente. Seis meses despues, entregaron el Rayo de Iones.

El Rayo de Iones de largo alcance emplea un patron de ganancia de vanguardia que se entiende mejor como una forma de geometria difractada proyectada en el espacio normal. Aunque su fabricacion es dificil, esta construccion unica permite la proyeccion a larga distancia de materia barionica altamente ionizada en un haz coherente que es capaz de causar estragos en todo tipo de electronica, incluidos sensores, encendedores de combustible, modulos de punteria, ordenadores, etc., aunque provoca un dano permanente insignificante. Al operar contra un objetivo con un flujo alto, el Rayo de Iones puede ocasionalmente acumular una carga que saltara por completo los escudos de energia, ya que la acumulacion de particulas cargadas interfiere con el ciclo de difusion del escudo.",,,,,
mora,SHIP,"Esta clase de portaaviones se encargo durante el mismo periodo de doctrina naval del Dominio centrada en portaaviones que el ubicuo caza Talon. Blindada para resistir la furia de la batalla junto al Onslaught, la Mora fue, no obstante, retirada de servicio de forma masiva cuando la doctrina cambio para favorecer canones mas pesados y naves capitales escoltadas por cruceros de linea.

Los cascos desmilitarizados se vendieron y se convirtieron en plataformas industriales moviles para su uso en las fronteras del Dominio. La robusta y eminentemente adaptable Mora era una vista comun en tareas de prospeccion de largo alcance, mineria, construccion, gestion de drones y como astilleros moviles. Algunos cascos llegaron incluso a quedar medio enterrados en mundos alienigenas y se utilizaron como estaciones de energia blindadas y talleres para formar el nucleo de nuevos asentamientos.

Tras el Colapso, los cascos de la Mora fueron remilitarizados de forma casi sospechosamente rapida por facciones que no poseian portaaviones dedicados. Hoy en dia, son el yunque en el que muchos descuidados senores de la guerra piratas terminan destrozados.",,,,,
accretion,TERRAIN,"Un rio de roca, polvo y gas que se espirala hacia dentro, hacia la aniquilacion.",,,,,
planet_gelan,CUSTOM,"Un planeta grande y relativamente masivo en orbita cercana a su estrella; el viento estelar ha barrido los elementos mas ligeros, dejando que los dioxidos de carbono y azufre dominen la atmosfera. El manto de gases toxicos crea un efecto invernadero desbocado que, sumado a la gravedad aplastante, garantiza condiciones de superficie extremadamente inhospitas.",,,,,
planet_mairaath,CUSTOM,"Mairaath fue devastada por una operacion coordinada de la Senda Ludica en el ciclo 82, que convirtio sus impresionantes ciudades-estacion orbitales en armas lanzadas contra la superficie fantasticamente terraformada. Lo que queda es un mundo carbonizado y roto; los patrones climaticos cuidadosamente cultivados por la gran cabala de terraformacion de Mayasura se transformado en tormentas pesadillescas que circundan el globo, agitando eternamente las cenizas de un mundo asesinado.",,"Incluso tras su ruina apocaliptica, la humanidad aun se aferra a la superficie de Mairaath, agazapada en los cascos rotos de grandes ciudades derrocadas y azotadas por tormentas interminables.",,,
derelict_probe,CUSTOM,"Un ejemplo de los incontables miles de naves de exploracion roboticas enviadas a la galaxia por el Dominio para hallar nuevos recursos que explotar, planetas que colonizar y explorar lo desconocido. Algunas variantes son producidas por naves nodrizas automatizadas. Este ejemplar parece estar inactivo; picado por pequenos impactos, su casco muestra la iridiscencia de una temible cicatriz por radiacion. La fabricacion de esta sonda bien podria remontarse a hace mil ciclos.",,,,,
derelict_surveyship,CUSTOM,"Una nave de prospeccion automatizada de una antigua oleada de exploracion del Dominio. Se enviaron miles de naves como esta en oleadas; algunas independientes y otras vinculadas a (o fabricadas por) naves nodrizas igualmente automatizadas tras la primera oleada de sondas roboticas. Este pecio, aparentemente inerte, ha sido devastado por siglos de exposicion a particulas cargadas e impactos de alta velocidad de polvo interestelar.",,,,,
derelict_mothership,CUSTOM,"Una de las legendarias naves nodrizas de prospeccion, el silencioso y automatizado motor de los esfuerzos de exploracion y colonizacion del Dominio. Es, en esencia, una sonda de von Neumann, ya que las naves nodrizas de prospeccion contienen capacidad de nanoforja para fabricar un conjunto de naves de prospeccion mas pequenas y los suministros necesarios para llevar a cabo su mision continua. Este ejemplar esta quemado y maltrecho por sus siglos de servicio al Dominio, un pecio errante y olvidado.",,,,,
station_derelict_survey_mothership,SHIP,"Una de las legendarias naves nodrizas de prospeccion, el silencioso y automatizado motor de los esfuerzos de exploracion y colonizacion del Dominio. Es, en esencia, una sonda de von Neumann, ya que las naves nodrizas de prospeccion contienen capacidad de nanoforja para fabricar un conjunto de naves de prospeccion mas pequenas y los suministros necesarios para llevar a cabo su mision continua. Este ejemplar esta quemado y maltrecho por sus siglos de servicio al Dominio, un pecio errante y olvidado.",,,,,
derelict_gatehauler,CUSTOM,"Una nave estelar masiva y automatizada encargada de transportar los Portales utilizados para establecer conexiones casi instantaneas entre sistemas estelares. Tras recorrer incontables y solitarios ciclos, el Portal se emplazaba en un nuevo sistema y se activaba para lanzar una explosion de recien llegados que buscaban recursos, datos y experiencias para alimentar la gran cultura y economia del Dominio.",,,,,
derelict_seedship,CUSTOM,"Semillas que prometen mundos con un conjunto de formas de vida para poner en marcha los procesos que mantienen un entorno terrestre, desde liquenes resistentes hasta algas simples, pasando por lanzamientos de criopodulos que liberan formas de vida mas avanzadas a medida que las condiciones planetarias mejoran. La nave de semilla abandonara el mundo para recolectar nuevos materiales de pequenos asteroides, fabricar un nuevo kit de inicio de terraformacion y dirigirse al siguiente objetivo.",,,,,
derelict_cryosleeper,CUSTOM,"Esta es una de las enormes naves de leyenda que transportaron a millones de emigrantes humanos desde los sistemas centrales del Dominio hacia las grandes fronteras que se extienden desde el Brazo de Sagitario a traves del Brazo de Orion. A juzgar por la lectura electromagnetica debil pero estable en los sensores, muchos de los criosuenos siguen siendo viables incluso tras tantos cientos de ciclos aqui, en las salvajes costas de Perseus.",,,,,
coronal_tap,CUSTOM,"Esta clase de megaestructura alimento en su dia el incalculable poder industrial del Dominio, situando a la civilizacion humana cerca del nivel II de la escala de Kardashov. Es capaz de extraer energia a escala astronomica directamente de la estrella vinculada. Perder el control de una hiperderivacion coronal activa sin seguir los procedimientos de apagado adecuados puede resultar desastroso.",,,,,
cargo_pods,CUSTOM,"Un grupo de modulos de carga a la deriva por el espacio. Pueden contener mercancias valiosas que pueden ser recuperadas, o incluso tripulacion en criosueno que puede ser rescatada.",,,,,
cryopods,CUSTOM,Un grupo de criocapsulas a la deriva por el espacio. Probablemente contienen tripulacion en criosueno que puede ser rescatada.,,,,,
supply_cache,CUSTOM,"Un alijo de suministros, armas u otro equipo, a la deriva y olvidado, hasta ahora.",,,,,
hidden_cache,CUSTOM,"Un escondite oculto en un pozo profundo dentro de un gran asteroide, sin indicacion de lo que podria encontrarse en su interior.",,,,,
weapon_cache,CUSTOM,"Estos modulos de carga a la deriva presentan lecturas peculiares, propias del armamento de las naves espaciales.",,,,,
,,,,,,,
mairaath_station1,CUSTOM,"Destruida en el ataque a Mairaath en el Ciclo 82, los restos frios de la antigua astropolis permanecen en orbula en una nube de sus propios escombros.",,,,,
mairaath_station2,CUSTOM,"Antiguamente una de las tres astropolis de Mairaath, esta estacion fue embestida por un buque cisterna de clase Prometheus y arrancada de su orbita en un rastro de fuego de fusion y polvo radiactivo. Desde entonces, ha sido ocupada por chatarreros y convertida en un refugio pirata.",,"El dano causado en esta estacion es evidente desde lejos, y solo se vuelve mas espantoso de cerca. Un breve escaneo de radiacion arroja lecturas alarmantemente altas, pero los refugiados, desesperados y bandidos que llaman hogar a esta estacion parecen tener preocupaciones mas urgentes.",,,
planet_mazalot,CUSTOM,"Centro civico del sistema Zagan, Mazalot es, no obstante, una entidad politica pobre e inestable, conocida por una serie de gobiernos autoritarios que alternan entre el populismo y la opresion de la mayoria de la poblacion ludita. El planeta en si es una historia de terraformacion exitosa, aunque con escasez de agua. El despliegue y mantenimiento de infraestructura orbital resulta complicado debido a un campo magnetico excepcionalmente fuerte. Esto ha hecho poco por estabilizar a una poblacion de mentalidad independiente.",,"Aunque es un nucleo de poblacion en el sistema Zagan, y de hecho demograficamente significativo en el Sector en su conjunto, Mazalot es un eslabon debil entre los mundos de la Liga Perseana, siendo a menudo escenario de golpes de Estado y guerras subsidiarias. Ocasionalmente, un regimen benevolo llega al poder, pero es derrocado con la misma rapidez por alguna fuerza externa en el largo juego entre la Liga y otras facciones importantes.",,,
planet_yesod,CUSTOM,"Este mundo frio y silencioso de mesetas petreas surcadas por glaciares dormidos ha sido fortificado por la Liga Perseana para proteger su instalacion de combustible AM. Sin embargo, la produccion nunca alcanzo su maxima capacidad debido a la falta de inversion de capital tras el Colapso. Se instituyo una politica de libre comercio para apaciguar a los operadores civiles, a pesar de las objeciones de quienquiera que sea el gobierno actual de Mazalot.",,"En lo que respecta a Yesod, los principales gens de la Liga solo coinciden en que Tri-Tachyon no deberia ganar terreno en el mundo; o, al menos, es importante aparentar que se apoya esta politica anti-Tri-Tachyon en publico. Bloqueado por intereses enfrentados con poder de veto efectivo, el potencial total de Yesod aun esta por explotar.",,,
planet_ilm,CUSTOM,"No importa quien gobierne Mazalot, en Ilm se puede ganar dinero en las fabulas y en los campos de hielo, cuyas exportaciones inyectan capital en este pobre sistema. La juventud de Mazalot viene aqui a trabajar y a enviar sus sueldos a casa, y muchos se desvian de la Senda de Ludd. A pesar de esto, Ilm logra evitar purgas y guerras porque, sin importar quien gobierne en Mazalot, en Ilm se puede ganar dinero.",,"Mas que una ciudad de empresa, esto es una entidad politica de empresa, desde la serie de plataformas de seguridad orbital hasta las minas teleoperadas que extraen recursos de la corteza fracturada. Ilm esta gobernada por un consejo corporativo semimilitarizado; la identidad de los inversores no es informacion publica, pero la especulacion menos paranoica favorece una mezcla de capital de la Liga Perseana y de Tri-Tachyon.",,,
planet_salamanca,CUSTOM,"Una espesa niebla de nitrogeno hace llover hidrocarburos sobre las montanas marchitas de hielo de agua que salpican Salamanca. A sus pies, las cupulas habitables manchadas dispersan a trabajadores blindados que conducen drones roboticos para mantener los extractores y refinerias de materia organica. Toda la industria aqui esta gobernada -tras las fachadas adecuadas- por un regimen mazalotiano derrocado o un cartel criminal.",,"Lo que comenzo como un asentamiento de extraccion de recursos respaldado por una megacorporacion fue derrocado por la fuerza por una pequena flota leal a un regimen autoritario expulsado de Mazalot. Han buscado recuperar la legitimidad reincorporandose a la Liga Perseana, pero estan profundamente conectados con redes criminales y no inspiran confianza ni siquiera -especialmente- entre sus aliados de la Liga.",,,
planet_kazeron,CUSTOM,"El nucleo rico en metales de un antiguo gigante gaseoso cuyo cuerpo fue destruido en alguna antigua catastrofe celestial. Kazeron es rico en metales pesados exoticos. Aunque no es posible terraformarlo, esto lo convirtio en un lugar ideal para que el Dominio instalara un grupo de nanoforjas para satisfacer la necesidad de naves, equipo y maquinaria pesada de la frontera perseana.",,"El mundo de Kazeron, de la Liga Perseana, siempre paga sus deudas con naves de guerra y oficiales altamente entrenados para comandarlas. Kazeron posee una rica tradicion de industria y produccion militar que la convierte en el eje del poder de la Liga Perseana.",,,
planet_eldfell,CUSTOM,"Un mundo esteril notable por un grupo de hipervolcanes inusualmente activos, los Grettir. Una atmosfera tenue se regenera enteramente mediante el vulcanismo.",,"En su dia se extrajeron ricos minerales de minas de concesion excavadas alrededor de la base del grupo de hipervolcanes Grettir. El asentamiento principal esta construido en un promontorio inactivo y esta poblado principalmente por los descendientes de jinetes roboticos que han encontrado nuevo trabajo en las refinerias. El sistema politico esta controlado por el acuerdo comun de varios consorcios industriales dominados por los Kazeron, pero no es miembro de la Liga Perseana debido a los gastos que la membresia impondria.",,,
station_thulian_raiders,CUSTOM,"El sistema Thule esta plagado de prospectores y mineros de poca monta que han escapado de la opresiva ambicion de poder de la estratocracia aristocratica de Kazeron para buscar la independencia entre el mineral y los volatiles de los muchos sistemas de anillos. A veces, estos agentes libres se agrupan y buscan presas mas ricas; asi, los Saqueadores de Thule han atormentado a Kazeron durante casi tanto tiempo como el sistema ha estado habitado por humanos.",,"A pesar de las redadas ocasionales de la armada de la Liga, los saqueadores de Thule siempre parecen reconstruir un centro para su comercio ilicito y su mediacion de poder. Si un gens pagara a los saqueadores para danar a otro, quien podria decirlo? Esos saqueadores podrian aceptar una mejor oferta de su supuesto objetivo mientras un oficial de la Flota podria mirar hacia otro lado para perjudicar a un gens rival; y asi el ciclo continua.",,,
planet_horn,CUSTOM,"Un mundo terrestre supermasivo; la gravedad aplastante de Horn impide tanto la habitabilidad humana como la extraccion economica de recursos. No es que hubiera mucho que desear de todos modos en este mundo de terremotos violentos, enormes calderas latentes y llanuras de ceniza interminables marcadas por impactos de meteoritos.",,,,,
planet_athulf,CUSTOM,"Un remanente, tal vez, de los primeros y violentos ciclos de la formacion de Horn; la luna Athulf tiene una composicion similar y proporciona un acceso conveniente a los minerales y metales pesados inaccesibles en su sombrio planeta progenitor. La humanidad aprovecho este regalo desde los primeros dias de la colonizacion del Sector por parte del Dominio.",,"Tradicionalmente, Athulf se considera una posesion personal de quien sea el Rey de Fikenhild, y ofrece ingresos importantes para reyes que no sean ricos por otros medios. El atuendo de la corte es extravagante y la responsabilidad de la realeza es exigente. Los subditos de Athulf tambien forman un nucleo de apoyo importante y, si se les trata bien, ofrecen un solido bloque de votos para un rey en el poder. Sin embargo, cuando las hordas y los disturbios asolan las ricas minas de Athulf, es una senal clara de que Westernesse pronto tendra un nuevo rey. ",,,
planet_fikenhild,CUSTOM,"Esta pequena luna oceanica es el centro politico del sistema, sede del Rey de Westernesse y representante ante la Liga. Las cinco grandes arcologias flotantes de Fikenhild brillan dia y noche, y destacan por albergar un par de docenas de estudios de entretenimiento holografico altamente competitivos.",,"Tradicionalmente, el sistema de Westernesse esta gobernado por un ""rey"" elegido por voto popular, cuya sesion de corte -el manejo de ciertas funciones ejecutivas y judiciales primarias- se transmite en el sistema local como entretenimiento. Se considera esencial que el rey de Westernesse sea sabio, justo y, sobre todo, entretenido. La mayoria de los posibles excesos del sistema se ven limitados por una cultura de participacion del publico, alternativamente ruidosa y sentimental; el rey es poderoso, si, pero el corazon del pueblo es voluble y puede volverse contra el si surge una contranarrativa lo suficientemente convincente.",,,
planet_suddene,CUSTOM,"Categorizado como un candidato secundario para la terraformacion segun las primeras prospecciones del sistema, Suddene es un mundo desertico que carece de un ciclo hidrologico cerrado. Los mares formados durante la terraformacion previa al Colapso se filtran lentamente hacia acuiferos profundos, volviendose mas pequenos, mas salinos y toxicos para cada generacion sucesiva de krill geneticamente modificado. Las estimaciones situan el colapso ecologico total a tan solo uno o dos siglos de distancia. Los nativos de Suddene suelen ser retratados como romanticos fatalistas en las holonovelas de Fikenhild.",,"La terraformacion de Suddene y las sucesivas series de cometas portadores de agua fueron abandonadas rapidamente tras el Colapso, ya que las autoridades restantes centraron sus recursos en la pura supervivencia. Al carecer de infraestructura y poblacion, Suddene siempre ha sido reacia a la subordinacion a Fikenhild en asuntos economicos y politicos. Las reformas de un reciente Rey de Westernesse han ampliado el derecho al voto, convirtiendo a los amargos rebeldes de Suddene en los recalcitrantes saboteadores de la politica del sistema.",,,
planet_ailmar,CUSTOM,"Un mundo frio y hostil; no obstante, Ailmar fue seleccionado para la siembra por una nave de esporas temprana debido a su vulcanismo existente. Cuando los humanos llegaron al sistema Westernesse, encontraron un mundo de tierras altas sin vida, desgastadas por tormentas de hielo. Pero la vida hallo pequenos valles y canones, e incluso bosques de alerces genmod tipo 6 agrupados en provincias volcanicas. Vivir en Ailmar es duro, pero es un mundo vivo a pesar de las dificultades.",,"Industrializado antes del Colapso, Ailmar ha podido mantener su independencia del Reino de Westernesse mediante acuerdos con diversas potencias competidoras de fuera del sistema, incluyendo la Iglesia Ludica y, ocasionalmente, piratas, incluyendo notablemente una alianza temporal con el senor de la guerra Leonis. Los de Ailmar son los antagonistas habituales en el holoentretenimiento de Fikenhild, retratados tan estoicos como traicioneros.  ",,,
planet_madeira,CUSTOM,"Un mundo pequeno y frio, pero apenas habitable, considerado lo bastante insignificante por los planificadores de colonizacion del Dominio como para albergar una instalacion de produccion de combustible. Destaca por sus volatiles exoticos capturados de su estrella primaria y por las pseudoalgas fluorescentes que viven en las grietas de los vastos campos de hielo azotados por tormentas que dominan la superficie de Madeira.",,"Sabiendo que Madeira siempre dependeria de recursos externos para sobrevivir, el Dominio podia contar con la lealtad de este estado. Sin embargo, el Colapso no estaba previsto en esta ecuacion, y la entidad politica de Madeira fue uno de los miembros fundadores de la Liga Perseana a pesar de su modesta poblacion y su limitada industria.",,,
planet_satanazes,CUSTOM,"Un gigante gaseoso caliente compuesto principalmente de hidrogeno y helio, aunque debido a su proximidad a su estrella principal, las capas superiores de nubes de Satanazes estan formadas por monoxido de carbono y metales alcalinos, lo que le confiere una apariencia oscura y amenazante.",,,,,
planet_canaria,CUSTOM,"Canaria es un gigante de hielo envuelto en finas nubes de agua, amoniaco y metano. En las profundidades, la gravedad genera suficiente presion para formar un nucleo de hidrogeno metalico. El planeta se encuentra en un punto inusual de estabilidad gravitatoria en el L4 de Antillia, el socio menor del sistema binario Tyle.",,,,,
planet_cibola,CUSTOM,"Un mundo antiguo salpicado de restos de antiguos volcanes, desgastados por vientos calidos y secos hasta convertirse en un oceano mundial de arena. Quedan algunos acuiferos subterraneos que alimentan al menos un pequeno mar salado y la rara grieta que alberga jirones de vegetacion.",,"Hace muchos ciclos, una antigua nave de esporas de los inicios de la colonizacion humana encontro Cibola. Una serie anomala de cuerpos helados impacto el mundo, dejandolo mas frio y humedo que su estado de equilibrio y, por tanto, dentro de los parametros de colonizacion de la nave. No se ha conservado historia de los ciclos posteriores, pero los colonizadores del Dominio que llegaron al Sector Perseano encontraron un mundo moribundo, poblado por una civilizacion humana pequena, atrasada y desesperada que luchaba por sobrevivir. La situacion apenas ha mejorado desde el recontacto, y la mayoria de los cibolanos han abandonado su mundo natal, o desearian poder hacerlo.",,,
nebula_center_young,PLANET,"Una enorme nube de particulas formada por gases del medio interestelar o material desprendido por la agonia de las estrellas. Las perturbaciones causadas por la gravedad y la radiacion crean areas de mayor densidad que pueden acumular masa lentamente para, algun dia, dar nacimiento a nuevos cuerpos celestes. Esta region del espacio esta llena de estrellas de formacion reciente y combustion rapida, y tiene menos probabilidades de albergar mundos que sostengan la vida de forma natural.",,,,,
nebula_center_average,PLANET,"Una enorme nube de particulas formada por gases del medio interestelar o material desprendido por la agonia de las estrellas. Las perturbaciones causadas por la gravedad y la radiacion crean areas de mayor densidad que pueden acumular masa lentamente para, algun dia, dar nacimiento a nuevos cuerpos celestes.",,,,,
nebula_center_old,PLANET,"Una enorme nube de particulas formada por gases del medio interestelar o material desprendido por la agonia de las estrellas. Las perturbaciones causadas por la gravedad y la radiacion crean areas de mayor densidad que pueden acumular masa lentamente para, algun dia, dar nacimiento a nuevos cuerpos celestes. Esta region del espacio es mas antigua, llena de estrellas estables y de combustion lenta que tienen mas probabilidades de albergar mundos que sostengan la vida de forma natural.",,,,,
planet_yama,CUSTOM,"Yama obtuvo solo una viabilidad marginal en los mapas de prospeccion de la corporacion Eridani-Utopia, pero la instalacion de combustible cercana en Nachiketa impulso su terraformacion y colonizacion. Sigue siendo un mundo deficiente, en un declive persistente tras la devastacion de la Primera Guerra de la IA.",,"Yama se vio relativamente intacta por el Colapso; pero, por la misma razon, tambien estuvo relativamente intacta por la inversion de capital antes del Colapso. Anos de estabilidad bajo la Hegemonia, salvo por los bombardeos sufridos durante la Primera Guerra de la IA, han sido propicios para esta pequena y conservadora sociedad. Es un lugar excelente para quienes tienen ambiciones modestas y gustos austeros.",,,
planet_nachiketa,CUSTOM,"Este mundo fue seleccionado por los burocratas del Dominio como emplazamiento para una de las instalaciones de produccion de combustible de antimateria del Sector Perseano por no tener un valor destacado, aparte de existir en un eje de expansion conveniente hacia nuevas fronteras. La industria y las instalaciones portuarias siguieron al aumento del trafico de naves estelares, creciendo como percebes adheridos a la enorme planta de combustible blindada y semienterrada. Un enfrentamiento importante durante la Primera Guerra de la IA provoco la devastacion de estas instalaciones portuarias circundantes debido a una purga tactica de las reservas de antimateria; la Hegemonia se aseguro la victoria, pero dejo lisiada la industria y la infraestructura de Nachiketa.",,"Aunque la instalacion de combustible es tecnicamente operada por una corporacion con licencia, Nachiketa esta dominada por la cultura militar de la Hegemonia. Los requisitos de seguridad estrategica han convertido las ruinas industriales en lugares llenos de bunkeres militares, emplazamientos de armas e instalaciones de entrenamiento. Aparte del turbio distrito de entretenimiento frecuentado por reclutas jovenes, espaciales de visita y patrullas frecuentes de la policia militar, la vida civil es una rutina apagada, aunque bien remunerada para los estandares del Sector Perseano.",,,
planet_epiphany,CUSTOM,"Lo que antano fue una tranquila colonia minera, Epiphany fue seleccionada para el asentamiento por el lider heretico de un oscuro culto ludita. Tras un gran escandalo y una unica muerte violenta, el culto llego a su fin, aunque sobrevivio una poblacion simpatizante con las creencias ludicas. El gobierno civil de Epiphany fue derrocado por los sendistas durante un brote de entusiasmo durante la Segunda Guerra de la IA. Con la reticente cooperacion de los antiguos nativos, sus instalaciones se utilizan ahora como almacenes y centros de entrenamiento para la Senda.",,"El control de trafico planetario es irregular y la coherencia de la senal es baja. Para los contrabandistas y los fanaticos disidentes es muy facil traficar con armas, y solo Ludd sabe que mas se oculta tras las estrictas regulaciones tecnologicas de la Senda local, tal como estan escritas.",,,
planet_kumari_aru,CUSTOM,"Kumari Aru es un especimen raro: un gigante gaseoso que alberga vida xeno en su oceano de nubes sin fondo. De interes unicamente academico para los primeros exploradores del Dominio, las investigaciones iniciales carecieron de financiacion y solo lograron describir los aspectos mas basicos de la bioquimica de la vida kumariana. A medida que la influencia ludica crecio tras el Colapso, los creyentes de la Senda que consideran este planeta un lugar sagrado ahora solo permiten un estudio limitado y pasivo.",,,,,
station_beholder,CUSTOM,"Originalmente una plataforma de investigacion establecida por el Explorarium del Dominio, la financiacion fue siempre escasa ante la poca esperanza de obtener conocimientos practicos mediante el estudio de la xenovida kumariana. Tras el Colapso, la administracion fue usurpada por un cura errante de la Senda Ludica particularmente inspirado, y la estacion se convirtio en un lugar de peregrinacion sagrada para los creyentes ludicos. Actualmente solo se permite la entrada a un punado de academicos autorizados, aunque hay muy pocos en esta epoca de tribulaciones.",,,,,
planet_olinadu,CUSTOM,"Un movimiento de liberacion fallido vio la sabiduria de alinear la politica local con la Liga Perseana siguiendo el ejemplo de la estacion Beholder; asi, Olinadu se ha convertido en un productor principal de volatiles para los mercados de la Liga a pesar de su pequena poblacion.",,"El amor de los olinadinos por la expresion personal amateur y vibrante en todas sus formas se considera ahora un retroceso cultural poco sofisticado, aunque la corporacion policial gobernante -respaldada por los gens Kazeron- sigue fomentando eventos culturales beneficos periodicos.",,,
planet_kanni,CUSTOM,"Una compania de mercenarios mal pagada decidio explotar el caos politico tras la Segunda guerra de la IA tomando el control de Kanni, una entidad de extraccion de recursos de una megacorporacion en un mundo hostil y remoto. Este puesto de avanzada minero, convertido en base pirata, ha sido controlado por un comite rotatorio de bandidos desde entonces.",,"La solicitud oficial a la Hegemonia para recuperar las instalaciones y el equipo expropiados lleva estancada en un tribunal militar menor durante muchisimos ciclos, para beneficio dudoso del senor de la guerra en el poder. Las minas de Kanni no son especialmente ricas, y la poblacion disponible para trabajarlas no es especialmente numerosa. La riqueza y la gloria las obtienen quienes se dedican a la pirateria, no quienes se quedan a excavar.",,,
station_laicaille,CUSTOM,"Laicaille, otro habitat espacial en la trayectoria de las conquistas del senor de la guerra Leonis, fue vista, conquistada y luego abandonada bajo el mando de un leal lugarteniente. Ese mandato efimero fue derrocado por un rey pirata, reconocido como menos temible, con el apoyo de la Armada de Kazeron durante un conflicto fronterizo de la Liga Perseana con la Iglesia Ludica. Este rey fue integrado en la Liga Perseana y Laicaille se legitimo rapidamente para justificar la presencia de la Liga en el sistema. ",,"El Habitat Laicaille se construyo originalmente para dar servicio a un pequeno grupo de empresas de prospeccion de asteroides, pero ahora esta dominado por complejos astilleros militares propiedad de los gens de Kazeron. La vida nocturna de Laicaille tiene cierta reputacion que evoca sus dias como puesto de avanzada pirata.",,,
station_kapteyn,CUSTOM,Esta extensa estacion industrial de gravedad cero fue construida segun las especificaciones para satisfacer las necesidades de la Corporacion Eridani-Utopia y modificada profundamente en los ciclos posteriores. La estacion fue tomada por el senor de la guerra Leonis en las feroces conquistas del ciclo 47 y ha permanecido en manos de algun lider pirata durante gran parte de la historia reciente.,,"Menos hospitalaria, menos agradable y menos facil de dominar desde Kazeron que Laicaille, la estacion Kapteyn fue ignorada por los esfuerzos de expansion de la Liga y, en gran medida y de forma intencionada, olvidada a medida que las relaciones entre la Liga y la Iglesia se estabilizaron. Los piratas de Kapteyn mantienen un antiguo acuerdo extraoficial con sus vecinos respetuosos de la ley, lo que resulta en mas comercio y menos incursiones y contraataques de lo que cabria esperar.",,,
station_groombridge,CUSTOM,"Captado por el senor de la guerra Leonis en las conquistas del ciclo 47, el lieutenant fantasticamente corrupto que dejo en su lugar se acostumbro a lanzar por la esclusa a los lideres locales agraviados. En tres ciclos, cualquiera con riqueza, habilidad o sentido excepcional se habia marchado, y los sistemas principales de la estacion estaban fallando por completo. El habitat Groombridge fue desde entonces despojado de cualquier cosa de valor que pudiera ponerse en una bodega, para luego ser abandonado.",,"El reactor principal de esta estacion ha entrado en el modo de fallo mas sucio posible. Teniendo en cuenta los mecanismos de seguridad estandar, esto solo puede ser el resultado de un sabotaje intencionado. Tu contador de radiacion avanza con impaciencia.",,,
station_tiataxet_spacedock,CUSTOM,Este astillero abandonado ha sido completamente destrozado por fuego de armas pesadas. La unica actividad detectable aqui proviene de la degradacion de cenizas de alta radiacion fusionadas al casco de la estacion.,,"Decides que lo mejor es ni siquiera intentar el atraque, ya que esta estacion se parece mas a un grupo de escombros sueltos que a cualquier tipo de estructura.",,,
station_chalcedon,CUSTOM,"Un astillero abandonado. Sus muelles de ensamblaje esqueleticos yacen vacios. A juzgar por las marcas recientes de fuego de armas ligeras en secciones de casco tacticamente insignificantes, la estacion parece haber sido utilizada para practicas de tiro.",,Unas apagadas luces rojas de emergencia iluminan el anillo de atraque destrozado. Una placa del techo flota siguiendo un cable retorcido que gira hacia un conducto oscuro. No hay senales de vida.,,,
planet_chalcedon,CUSTOM,"Sembrado con vida terrestre por una antigua nave de esporas, Chalcedon florecio en verde para las primeras llegadas humanas, pero pronto demostro ser un hogar hostil. La primitiva vida xenogena nativa -cuya teoria apunta a que desciende de una diaspora por impacto desde Kumari Aru, o viceversa- persiste en curiosas formas equivalentes a unicelulares en nichos ecologicos oscuros. La superficie es azotada regularmente por masas de tormentas en un asalto estacional interminable. Este movimiento proporciona un medio rico para el crecimiento de las plantas, pero solo la flora que crece rapidamente en la calma entre tormentas puede sobrevivir fuera de la rara zona protegida por peculiaridades de la topografia; los colonos humanos viven siempre amontonados, entre el asombro y el miedo.",,"El asentamiento humano en Chalcedon se ha adaptado a las violentas tormentas. Cuando no estan enterradas bajo tierra, las construcciones locales tienden hacia un tipo de ciclopeismo aerodinamico que contrasta con las prefabricadas y baratas que dominan los mundos pobres de otros lugares del Sector.",,,
spark,SHIP,"Un caza de IA autonomo, el Spark es un interceptor resistente y agil. Al no necesitar proteger a un piloto humano, el chasis alberga en su lugar un generador de escudos miniaturizado.",,,,,
lux,SHIP,"Un caza pesado de IA autonoma, el Lux esta armado con un laser IR y un sistema de bengalas disenado para confundir los sistemas de defensa de punto enemigos. Es ideal para abrir paso a ataques contra objetivos pesados.",,,,,
flash,SHIP,"Un caza-bombardero de IA autonomo, el Flash transporta una carga avanzada de proyectiles de proximidad de fase que emplea los principios del camuflaje de fase con fines destructivos.",,,,,
lumen,SHIP,"Un remanente de las flotas autonomas de IA desarrolladas por la corporacion Tri-Tachyon. Ilegal bajo la ley del Dominio (y de la Hegemonia), y una abominacion para la Iglesia de la Redencion Galactica, la Primera Guerra de la IA vio como estas creaciones eran purgadas del Sector. Al menos asi lo cuentan las historias oficiales.

El Lumen es una fragata rapida y polivalente, ideal para hostigar a objetivos enemigos utilizando cualquiera de sus muchas herramientas de la forma mas apropiado. Se destaco la capacidad del nucleo de IA del Lumen para crear un efecto de frustracion debilitante en los capitanes humanos, mas alla de lo que sus especificaciones de combate sugeririan posible.",,,,,
glimmer,SHIP,"Un remanente de las flotas de IA autonomas desarrolladas por la corporacion Tri-Tachyon. Ilegales segun la ley del Dominio (y de la Hegemonia), y una abominacion para la Iglesia de la Redencion Galactica, la Primera Guerra de la IA vio como estas creaciones eran purgadas del Sector. Al menos asi lo cuentan las historias oficiales.

La Glimmer proporciona fuego de apoyo de largo alcance mediante su matriz de armas de energia, manteniendo la presion de flujo sobre las fuerzas enemigas.
",,,,,
fulgent,SHIP,"Un remanente de las flotas de IA autonomas desarrolladas por la corporacion Tri-Tachyon. Ilegales segun la ley del Dominio (y de la Hegemonia), y una abominacion para la Iglesia de la Redencion Galactica, la Primera Guerra de la IA vio como estas creaciones eran purgadas del Sector. Al menos asi lo cuentan las historias oficiales.

El Fulgent es un destructor fuertemente armado que se gana su lugar en la linea de batalla, pues cuando la IA del Fulgent identifica una debilidad, utiliza su excepcional maniobrabilidad para atacar con una crueldad inhumana.",,,,,
scintilla,SHIP,"Un remanente de las flotas de IA autonomas desarrolladas por la corporacion Tri-Tachyon. Ilegal segun las leyes del Dominio (y de la Hegemonia), y una abominacion para la Iglesia de la Redencion Galactica, la Primera Guerra de la IA vio como estas creaciones eran purgadas del Sector. Al menos asi lo cuentan las historias oficiales.

El portaaviones ligero Scintilla es capaz de desplegar dos escuadrones de cazas de drones en combate. Aunque solo puede montar armas de rayo ligero, el Scintilla puede portar un armamento de misiles formidable. ",,,,,
apex,SHIP,"Un remanente de las flotas autonomas de IA desarrolladas por la corporacion Tri-Tachyon. Ilegal segun las leyes del Dominio (y de la Hegemonia), y una abominacion para la Iglesia de la Redencion Galactica, la Primera Guerra de la IA vio como estas creaciones eran purgadas del Sector. O eso dicen las historias oficiales.

Memorandos internos filtrados critican al Apex por comprometer los principios basicos de combate para actuar como plataforma de marketing de sistemas de combate avanzados. Estos incluyen el ""Coherente de rafagas de energia"" de Tri-Tachyon -se especula que emplea una peculiaridad de la fisica de escudos para aumentar el alcance de las armas de energia que no son de rayo, las cuales el Apex puede montar en abundencia- y unidades de autoforja duales de drones Terminator. La certificacion de la sub-IA de los sistemas Terminator estaba pendiente cuando quedo totalmente invalidada por ciertas catastrofes historicas posteriores, incluyendo, entre otras, la Primera Guerra de la IA.",,,,,
brilliant,SHIP,"Un remanente de las flotas autonomas de IA desarrolladas por la corporacion Tri-Tachyon. Ilegal bajo la ley del Dominio (y de la Hegemonia), y una abominacion para la Iglesia de la Redencion Galactica, la Primera Guerra de la IA vio como estas creaciones eran purgadas del Sector. Al menos asi lo cuentan las historias oficiales.

Tipico de los productos de alta gama de Tri-Tachyon, el crucero de clase Brilliant no escatima en gastos al montar el conjunto de armamento de energia mas avanzado posible. Tipico de las naves autonomas, no se han hecho concesiones para el soporte vital humano ni para el acceso fisico. Las reparaciones las lleva a cabo un enjambre de drones de utilidad semiinteligentes que viajan a traves de conductos sin atmosfera que recorren la masa de la nave.",,,,,
radiant,SHIP,"Un remanente de las flotas autonomas de IA desarrolladas por la corporacion Tri-Tachyon. Ilegal segun las leyes del Dominio (y de la Hegemonia), y una abominacion para la Iglesia de la Redencion Galactica, la Primera Guerra de la IA vio como estas creaciones eran purgadas del Sector. O eso dicen las historias oficiales.

El acorazado Radiant fue un diseno audaz y extravagante creado por una unidad de arquitectura naval con la especial indulgencia de la grandiosidad inflada de un vicepresidente de Tri-T. Tanto las historias oficiales como las informales existentes sobre la Primera Guerra de la IA nunca mencionan que esta clase de nave llegara a producirse, porque un deslizador de fase integrado nunca podria ser estable en una nave de tal tamano. Seguramente explotaria en una infinitud de dimensiones secundarias, de formas extranas y corta duracion, al iniciar el primer salto.

No obstante, aqui esta.",,,,,
remnant_station2,SHIP,"Un remanente de las flotas autonomas de IA desarrolladas por la corporacion Tri-Tachyon. Ilegal bajo la ley del Dominio (y de la Hegemonia), y una abominacion para la Iglesia de la Redencion Galactica, la Primera Guerra de la IA vio como estas creaciones eran purgadas del Sector. Al menos asi lo cuentan las historias oficiales.

Se trata de una estacion de combate de IA autonoma, totalmente armada y operativa. Estaciones como esta actuaban como depositos de combustible y suministros, fabulas roboticas, nexos de mando y plataformas de armas en apoyo a las flotas de IA que operaban a nivel estrategico. El discurso de la ""Declaracion de Victoria"" pronunciado por el Alto Hegemon tras la Primera Guerra de la IA afirmaba que todas las estaciones de combate de IA habian sido destruidas.",,,,,
colossus,SHIP,"El Colossus es un casco robusto y venerable, bien adaptado a las condiciones del Sector tras el Colapso, aunque posee alojamientos primitivos y armamento defensivo limitado.

Antes de ser superado por la brutal eficiencia economica del supertransportador Atlas, el carguero pesado Colossus formaba el nucleo de las flotas de suministro de la frontera del Dominio. El blindaje del casco, mas grueso de lo estrictamente necesario, proporciona proteccion contra peligros cosmicos, tanto naturales como humanos.",,,,,
colossus2,SHIP,"Se trata de un casco de clase Colossus modificado por los fieles militantes de la Senda Ludica para convertirlo en un temible crucero de ataque. Las cubiertas de carga han sido colapsadas y resoldadas para engrosar considerablemente el blindaje efectivo del casco, al tiempo que se han instalado torretas adicionales a lo largo del mismo. En la proa, se ha fijado permanentemente un gran soporte de armas capaz de lanzar rafagas de torpedos de clase Hammer. Los motores estandar y la red electrica han sido modificados de forma erratica para permitir breves propulsiones de alta potencia en condiciones de combate, lo que provoca una perdida masiva de la fiabilidad general de los sistemas.

El carguero pesado Colossus formaba el nucleo de las flotas de suministros de la frontera del Dominio antes de ser superado por la brutal eficiencia economica del supercarguero Atlas. El blindaje del casco, mas grueso de lo estrictamente necesario, proporciona proteccion contra peligros cosmicos, tanto naturales como humanos.",,,,,
colossus3,SHIP,"El Colossus fue adaptado para la guerra por primera vez por los militantes sendistas, pero los piratas emprendedores no tardaron en seguir su ejemplo. Un proceso igualmente desordenado hace que la mayoria de las cubiertas de carga se colapsen y se vuelvan a soldar para formar un blindaje grueso salpicado de numerosos emplazamientos de armas. Sin embargo, la bahia de carga principal se dejo abierta y se convirtio en una especie de bahia de lanzamiento de cazas mediante la adicion de un pequeno cuenco de forja civil destinado a la fabricacion de piezas de maquinaria adaptadas para aceptar chips de cazas LPC. La forja esta mal integrada con el sistema de energia base del casco, lo que resulta en un rendimiento general poco fiable.

El carguero pesado Colossus formo el nucleo de las flotas de suministro de la frontera del Dominio antes de ser superado por la brutal eficiencia economica del supercarguero Atlas. El blindaje del casco, mas grueso de lo estrictamente necesario, proporciona proteccion contra los peligros cosmicos, tanto naturales como humanos.",,,,,
warning_beacon,CUSTOM,"Una baliza de advertencia totalmente autonoma. Contiene un sistema de energia de estado solido que permite una vida media teorica de funcionamiento y mantenimiento de posicion con un alcance ascendente de cientos de miles de ciclos.

Un capitan de nave astuto prestara mucha atencion a su advertencia.",,,,,
station_abandoned_mining,CUSTOM,"Esta estacion es una plataforma minera orbital abandonada, construida para servir de anclaje a un gancho orbital destinado a la extraccion eficiente de recursos de la superficie de su planeta principal. Sus antiguos modulos industriales, despojados de piezas hace mucho tiempo, y sus silenciosos anillos habitacionales estan corroidos por los impactos y la erosion estelar.",,"No quedan sistemas principales de la estacion operativos, aunque hay algunas fuentes de radiacion gamma dispersas y fugas de EM, probablemente de sistemas de seguridad de reserva trabajando en una labor inutil.",,,
planet_gilead,CUSTOM,"Corona de la Senda del Peregrino y venerado por los fieles de la Iglesia Ludica, Gilead es un paraiso que, segun los rumores, rivaliza con el de la Antigua Tierra: aquel que Dios entrego a la humanidad; aquel que la humanidad profano; del cual la humanidad fue, en pecado, exiliada para sufrir entre las estrellas. Que un mundo asi pueda hallarse de nuevo es la promesa de que la humanidad podra ser redimida.",,"El rostro de Gilead te sonrie desde nubes de la mas pura seda, mares ceruleos y continentes verdes de una naturaleza suave y ondulada. La Iglesia aqui reina como un jardinero severo, asegurandose de que la poblacion este bien controlada y sea devota en honrar el suelo por el que Ludd camino una vez.",,,
planet_asher,CUSTOM,"Asher es un mundo mortalmente frio y seco, de penitencia y trabajo. Toda la base de industria pesada de Gilead fue trasladada aqui por la Iglesia durante el Despertar Ludico, siempre practica. La vida espiritual en el Sector Perseano no puede guiarse sin naves estelares.",,"Tormentas de polvo apocalipticas nublan el cielo cruel, volviendo el sol primero rojo sangre antes de convertirlo en un resplandor sin direccion que no ofrece ni calor ni consuelo.

La necesidad de absolucion brota de las minas, se forja en las refinerias y luego se ensambla en la orbita. La virtud de la industria de Asher es todavia la verguera secreta de la Iglesia, de la que solo se habla de forma indirecta en los sermones impartidos por curas particularmente espirituales. ",,,
devastator,WEAPON,"Basicamente un canon antiaereo de tamano capital y disparo rapido, el Devastator fue desarrollado por la Armada del Dominio utilizando piezas genericas en respuesta a un mundo rebelde que logro adquirir un extenso conjunto de cazas LPC.

Tres canones lanzan una rafaga rapida de proyectiles explosivos. La rapida cadencia de tiro produce tal volumen de municion que los detectores de proximidad se vuelca algo poco fiables, activandose a una distancia aparentemente aleatoria. El margen de error se considero aceptable tras los espectaculares resultados en el campo.

Una sola salva del Devastator puede eliminar un escuadron de cazas o una oleada de misiles, aunque los proyectiles son de uso limitado contra objetivos mas grandes o distantes.",,,,,
legion,SHIP,"Clasificado como portaaviones de combate, el Legion monta un impresionante despliegue de armas pesadas, espacio de hangar y mando y control suficiente para desplegar cuatro escuadrones de cazas. Los modelos posteriores se actualizaron con nanoforjas orientadas a la reposicion de naves de combate, lo que aumento significativamente la proporcion de potencia de fuego respecto a la logistica en despliegues lejanos.

Tras el legendario exito del diseno Onslaught, quedo claro que los sistemas rebeldes sin una industria ultrapesada eran capaces de desarrollar naves de ataque basadas en portaaviones capaces de contrarrestar al ""Viejo"" de la Armada. Junto con nuevas armas -misiles antiaereos agiles y canones de defensa de punto de seguimiento rapido-, el Consejo Estrategico decidio desplegar un portaaviones digno de servir junto al Onslaught. Asi, el Legion fue disenado para proporcionar una plataforma para interceptores y naves de ataque mientras se mantiene en la linea de batalla.

Los defensores de la ""Escuela de Cruceros"" criticaron al Legion por su falta de especializacion, sosteniendo que se podria desplegar un volumen de cazas similar con menos coste y mayor flexibilidad si los roles de combate se separaban en cascos de nave distintos. Sin embargo, estos argumentos economicos palidecen ante un Legion entrante que activa su hipermotor para asestar un fuego demoledor en el punto clave de la batalla.",,,,,
ai_cores,RESOURCE,"Un nucleo de IA independiente, raro y valioso. Es el alma fisica de una inteligencia artificial, un artefacto de asombrosa complejidad capaz de un pensamiento sofisticado que supera la mente humana. Un objeto de miedo, adoracion y avaricia; se han librado guerras por el uso y la regulacion de la IA.

Un nucleo de IA es incapaz de afectar al mundo exterior por si mismo. El aprovechamiento de sus vastas capacidades requiere que el nucleo se sumerja en un bano de refrigerante y se conecte a conjuntos de lineas de datos de alta capacidad apropiadas para sus tareas. Una vez instalado, se requiere que el nucleo cuente con un dispositivo de garantia de lealtad totalmente analogico; normalmente esto toma la forma de un rudimentario explosivo quimico con un detonador mecanico.",,,,,
,,,,,,,
survey_data,RESOURCE,"Este TriPad contiene una base de datos de prospeccion reciente que alberga informacion sobre las cualidades economicas, industriales y estrategicas de un objeto celeste, organizada segun las directrices tradicionales del Ministerio Colonial del Dominio. Las prospecciones como esta son un elemento esencial para el exito de las operaciones militares, los esfuerzos de colonizacion y las empresas corporativas.",,,,,
survey_data_1,RESOURCE,"Este TriPad contiene una base de datos de prospeccion reciente que alberga informacion sobre las cualidades economicas, industriales y estrategicas de un objeto celeste, organizada segun las directrices tradicionales del Ministerio Colonial del Dominio. Las prospecciones como esta son un elemento esencial para el exito de las operaciones militares, los esfuerzos de colonizacion y las empresas corporativas.

Los datos contenidos aqui no tienen nada de especial. ""Solo otra roca"", como suelen decir.",,,,,
survey_data_2,RESOURCE,"Este TriPad contiene una base de datos de prospeccion reciente que posee informacion sobre las cualidades economicas, industriales y estrategicas de un objeto celeste, organizada segun las directrices tradicionales del Ministerio Colonial del Dominio. Las prospecciones como esta son un elemento esencial para el exito de las operaciones militares, los esfuerzos de colonizacion y las empresas corporativas.

Los datos contenidos aqui no tienen nada de especial.",,,,,
survey_data_3,RESOURCE,"Este TriPad contiene una base de datos de prospeccion reciente con informacion sobre las cualidades economicas, industriales y estrategicas de un objeto celeste, organizada segun las directrices tradicionales del Ministerio Colonial del Dominio. Las prospecciones como esta son un elemento esencial para el exito de las operaciones militares, los esfuerzos de colonizacion y las empresas corporativas.

Estos datos de prospeccion describen un mundo util para la explotacion humana y se venderan por un buen precio. ",,,,,
survey_data_4,RESOURCE,"Este TriPad contiene una base de datos de prospeccion reciente que recoge informacion sobre las cualidades economicas, industriales y estrategicas de un objeto celeste, organizada segun las directrices tradicionales del Ministerio Colonial del Dominio. Las prospecciones como esta son un elemento esencial para el exito de las operaciones militares, los esfuerzos de colonizacion y las empresas corporativas.

Estos datos de prospeccion describen un mundo con una puntuacion alta en la tabla de viabilidad estandar. Resultara muy valioso si se vende a la parte adecuada.",,,,,
survey_data_5,RESOURCE,"Este TriPad contiene una base de datos de prospeccion reciente que recoge informacion sobre las cualidades economicas, industriales y estrategicas de un objeto celeste, organizada segun las directrices tradicionales del Ministerio Colonial del Dominio. Las prospecciones como esta son un elemento esencial para el exito de las operaciones militares, los esfuerzos de colonizacion y las empresas corporativas.

Estos datos describen un mundo excepcional y seran de gran valor para cualquiera de las principales facciones del Sector.",,,,,
planet_ancyra,CUSTOM,"Un mundo seco y antiguo con un campo magnetico lento, parcialmente despojado de volatiles por el viento solar. Hay pruebas de que Ancyra estuvo cubierta por mares calidos y poco profundos: dunas de sal blanqueadas, extranas torres y crestas de silice univocamente cristalizada, y algunos acuiferos salinos explotados por los colonos humanos.",,La economia de Ancyra esta dominada por la logistica de la Hegemonia. El complejo de industria ligera crecio gracias a los contratos militares y ahora posee la escala y la legitimidad necesarias para realizar incursiones respetables en la red de comercio civil del espacio central de la Hegemonia.,,,
station_ancyra,CUSTOM,"La estacion Ancyra es un bastion de autoridad construido por primera vez en los inicios de la colonizacion del Dominio en el Sector Perseano. Las placas del casco blindado han sido reparadas y reemplazadas tantas veces que no esta claro si queda algo del original. Las instalaciones no son particularmente comodas, pero en lugar de una sensacion de decadencia, esto otorga al puesto un aura de austera dignidad. ",,"Los hologramas de reclutamiento saludan a los espaciales que llegan: ""Unete a la Armada, conoce el Sector!"". Un parche mate en el revestimiento de la pared sugiere que un dron de mantenimiento ya ha eliminado una adicion atrevida al eslogan.",,,
station_derinkuyu,CUSTOM,"La estacion Derinkuyu se construyo tras el Colapso sobre la superestructura de las estructuras de mantenimiento destinadas a cargueros de clase Atlas. Estas se soldaron entre si y se impulsaron fuera de la orbita de Ancyra para luego estabilizarse en el cinturon de asteroides de Galatia para servir como base de operaciones mineras. Un reciente fallo del orden publico, que implico la ""larga marcha"" del coronel de la Hegemonia que gobierna el lugar, ha provocado que el control pase a un consejo de mineros renegados escasamente organizado.",,"Derinkuyu nunca fue una estacion que deslumbrara a sus visitantes con su hospitalidad; ahora luce un nuevo remiendo de placas de sellado de emergencia para el casco y recibe a los forasteros con miradas de sospecha intercambiadas entre mineros y la milicia de MuniSec, poco armada.",,,
station_galatia_academy,CUSTOM,"La institucion universitaria independiente mas antigua y prestigiosa del Sector Perseano. La Academia de Galatia es la opcion predilecta entre las universidades restantes de los mundos del Nucleo. El cargo de preboste es una posicion especialmente poderosa, capaz de aprovechar las conexiones con antiguos alumnos, influir en las nuevas generaciones de los estudiantes mas brillantes -o ricos- y dirigir investigaciones de vanguardia.",,,,,
cobra,SHIP,"El diseno del Cobra se inicio poco antes del Colapso, como un proyecto especulativo para montar un lanzador de torpedos reaper en un chasis de caza.

Los requisitos de diseno se descontrolaron casi de inmediato, y los retrasos en el cronograma deberian haber provocado la cancelacion del proyecto Cobra en su primer ciclo. Pero el excentrico propietario -que se habia hecho rico con la prospeccion y el rescate en la frontera- invirtio su fortuna en el diseno y supuestamente consiguio prestamos a corto plazo de ciertos elementos criminales para llevar a cabo el desarrollo del prototipo. La Junta de Adquisiciones Navales del Dominio rechazo la propuesta de plano, y se ha sugerido que esto se debio a una politica no declarada de ""desalentar"" los bombarderos de torpedos anti-capitales.

El jefe de desarrollo fue hallado muerto en circunstancias extraordinariamente desagradables; los investigadores dictaminaron que fue un suicidio. Mientras tanto, para disgusto de los prestamistas legitimos, los esquemas y el prototipo de los LPC del Cobra aparentemente se esfumaron sin dejar rastro.",,,,,
perdition,SHIP,"El bombardero torpedero Perdition, modificado para el combate, es un intento de los militantes ludicos, tanto de la Senda como de sectas mas moderadas, de solucionar la falta cronica de acceso a armamento pesado, particularmente durante los primeros dias del Colapso. Una lanzadera de utilidad de clase Cranefly, comun para la prospeccion y el transporte civil, sirve como chasis base. Disenado originalmente para transportar un pequeno paquete de carga o a unos pocos espaciales equipados, el Perdition es soldado en una armadura improvisada y poco agraciada, y se han retirado las puertas de la bodega para montar un unico torpedo Hammer vinculado al antiguo sistema de cierre de carga.

Se requiere una gran fe para pilotar este vehiculo azaroso en batalla, porque sus estadisticas de supervivencia deberian disuadir a cualquier tripulacion racional.",,,,,
station1,SHIP,"Una estacion orbital de tecnologia baja que cuenta con blindaje pesado y una potencia de fuego moderada. Esta plataforma alberga astilleros, habitidades, fabricas y grandes almacenes de armas y suministros, lo que permite la proyeccion de poder militar e industrial en todo el volumen orbital local.",,,,,
station1_midline,SHIP,"Una estacion orbital de modelo de linea media que cuenta con un pesado andamiaje lateral y una rapida rotacion axial. Esta plataforma alberga astilleros, habitats, fabricas y grandes reservas de armas y suministros, lo que permite la proyeccion de poder militar e industrial en todo el volumen orbital local.",,,,,
station1_hightech,SHIP,"Una estacion orbital de modelo avanzado con potentes escudos rotatorios, un complemento de cazas y una potencia de fuego moderada. Esta plataforma alberga astilleros, habitats, fabricas y grandes reservas de armas y suministros, lo que permite la proyeccion de poder militar e industrial en todo el volumen orbital local.",,,,,
station2,SHIP,"Una gran estacion de combate de modelo basico con blindaje grueso y ciudadelas adicionales de bastion pesado y defensa de punto. Esta plataforma alberga astilleros, habitats, fabricas y grandes reservas de armas y suministros, lo que permite la proyeccion de poder militar e industrial en todo el volumen orbital local.",,,,,
station2_midline,SHIP,"Una estacion de combate de modelo medio de gran tamano, aumentada con modulos de apoyo de misiles, ademas de un pesado andanada y una rapida rotacion axial. Esta plataforma alberga astilleros, habitats, fabricas y grandes reservas de armas y suministros, lo que permite la proyeccion de poder militar e industrial en todo el volumen orbital local.",,,,,
station2_hightech,SHIP,"Una estacion de combate de modelo de alta tecnologia de gran tamano que cuenta con escudos potentes, un complemento de cazas, una ciudadela defensiva y un pesado poder de fuego. Esta plataforma alberga astilleros, habitats, fabricas y grandes reservas de armas y suministros, lo que permite la proyeccion de poder militar e industrial en todo el volumen orbital local.",,,,,
station3,SHIP,"Una enorme fortaleza estelar, la cumbre de la construccion contemporanea en gravedad cero del Sector Perseano, construida bajo un modelo de tecnologia baja que cuenta con drones de defensa de clase Merlon y un extenso campo de minas. Esta plataforma alberga astilleros, habitats, fabricas y grandes almacenes de armas y suministros que permiten la proyeccion de poder militar e industrial en todo el volumen orbital local.",,,,,
station3_midline,SHIP,"Una enorme fortaleza estelar, la cumbre de la construccion contemporanea en gravedad cero en el Sector Perseano, que puede albergar astilleros, habitats, fabricas y grandes reservas de armas y suministros. Estas plataformas proyectan poder militar e industrial por todo su volumen orbital local.",,,,,
station3_hightech,SHIP,"Una enorme fortaleza estelar de modelo de alta tecnologia que cuenta con potentes escudos, blindaje reforzado, drones de defensa de clase Gargoyle y terrorificos teletransportadores de minas de largo alcance. Esta plataforma puede albergar astilleros, habitats, fabricas y grandes reservas de armas y suministros, lo que le permite proyectar poder militar e industrial en todo el volumen orbital local.",,,,,
merlon,SHIP,"El Merlon es un dron de defensa de estaciones pesadas dotado de un impresionante despliegue de armas de defensa de punto. Al no requerir tripulacion, hipermotor ni una IA de mando independiente, el Merlon posee mas blindaje que una nave de tamano comparable.",,,,,
gargoyle,SHIP,"El Gargoyle es un dron de defensa de estacion de alta tecnologia que cuenta con el avanzado sistema de defensa de punto Paladin y su propio generador de escudos. Debido a que no requiere tripulacion, motor de viaje ni ningun tipo de nucleo de mando independiente, el Gargoyle opera con mayor eficacia en combate que un casco de vuelo libre de tamano similar.",,,,,
ravelin,SHIP,"El Ravelin es un dron de defensa pesada para estaciones, centrado en el fuego de apoyo y la defensa de punto. Al no requerir tripulacion, hipermotor ni ningun tipo de nucleo de mando independiente, el Ravelin puede luchar muy por encima de su clase en combate.",,,,,
prometheus2,SHIP,"Los fanaticos sendistas han descubierto un ironico sentido de la justicia al convertir el buque cisterna que transporta lo que llaman ""Infernium"" -combustible de IA- en un enorme instrumento de guerra santa. Los tanques de almacenamiento y los puertos de carga han sido destrozados y reconvertidos en hangares o monturas de canones, mientras que secciones de la plataforma de bombeo han sido arrancadas para ser sustituciones por enormes placas de blindaje. La proa curva del tanque de combustible principal ha sido perforada y reajustada para escupir rafagas de misiles contra aquellos que sirven a Moloch, para que tal vez puedan hallar la absolucion en el bendito olvido.",,,,,
atlas2,SHIP,"El supertransportador de clase Atlas es un objetivo prioritario para los ataques piratas. Algunos acaban siendo hallados en el corazon destrozado de una lluvia de escombros de impacto en alguna orbita solitaria. Otros atraen una segunda mirada de evaluacion por parte de los piratas y son arrastrados a astilleros secretos. Sus bodegas de carga son destrozadas y sustituidas por armazones para sujetar monturas de armas y lineas de alimentacion de municion reforzadas.

Este Atlas, renacido entre el vacio y el fuego, transporta ahora una carga de muerte bajo el mando de un senor de la guerra pirata.",,,,,
generic_probe,CUSTOM,"Una sonda automatizada de uso general con capacidad rudimentaria de hiperespacio. Utilizada principalmente por megacorporaciones e instituciones de investigacion para la recogida de datos en sistemas estelares remotos, peligrosos o extraordinariamente aburridos. Este modelo esta disenado para albergar un pequeno paquete de instrumentos.",,,,,
ga_probe,CUSTOM,Las lecturas de sensores de largo alcance coinciden con las especificaciones de la clase comun de sonda utilizada por los departamentos de investigacion de la Academia de Galatia.,,,,,
ga_hyperprobe,CUSTOM,"Las lecturas de sensores de largo alcance coinciden con las especificaciones de la clase comun de sonda utilizada por el Grupo de Fisica del Hiperespacio de la Academia de Galatia. No hay senales de un transpondedor activo, aunque las fugas de EM sugieren que los subsistemas funcionan.",,,,,
gaPZ_relay,CUSTOM,Las lecturas de escaneo de largo alcance indican que este objeto es probablemente una plataforma de instrumentos no tripulada de clase comun. Los sensores detectan fugas de radiacion indicativas de una bateria nuclear danada. Las interferencias electromagneticas sugieren danos estructurales de moderados a graves.,,,,,
cargo_pod_special,CUSTOM,Un modulo de carga pintado con colores brillantes y equipado con un transpondedor de alta visibilidad.,,,,,
minipulser,WEAPON,"""El banco de pruebas fue destruido, y que? Contabilizamos las perdidas de capital y de recursos humanos en las especificaciones. Lo que importa es que obtuvimos los resultados y no se perdieron investigadores senior. Te digo una cosa, supervisare personalmente la instalacion de un nuevo equipo de escudos de clase crucero en cuanto llegue al lugar"".","-K. Astraia, recuperado del Archivo de Kallichore",,,,
shockrepeater,WEAPON,"""De algun modo logro burlar el cordon y colarse entre la flotilla de apoyo. Sensores, navegacion y soporte vital fundidos en los transportes de tripulacion antes de que los lobos lo eliminaran. Ahora tenemos suministros para toda la vida de langosta de Volturn en congelacion profunda, pero no tenemos recicladores de aire de tercera generacion de repuesto. Asi son las prioridades ejecutivas"".","-Interceptacion de la garantia de moral de Tri-Tachyon, adjunta al informe de terminacion de empleado",,,,
riftlance,WEAPON,"""Entregamos este cuerpo al vacio sagrado, polvo a polvo, estrellas a estrellas, para que el Creador nos renueve en el ciclo de la vida eterna"".","-Oracion funeraria ludita, tradicional",,,,
riftbeam,WEAPON,"""No lo volvamos a encender"".","-Sarosh Freeman, tecnico superior",,,,
cryoflux,WEAPON,"""A medida que el frente de onda colapsa, la radiacion en el espectro visible y mas alla es emitida por, esto, creemos que se debe a una realineacion con las leyes del espacio-tiempo. Tambien hay efectos con tremendas implicaciones macroscopicas, y estos seran el tema de esta reunion de emergencia"".","-Investigador desconocido, registros recuperados del Sitio Alfa",,,,
cryoblaster,WEAPON,"""Encontre al capitan justo en el centro del CIC, mas frio que una criocapsula. La mitad del mando de la nave tambien, y no todos por partes iguales"".","-Informe verbal de rescatador, recuperacion en hiperespacio de la ISS Augusta",,,,
disintegrator,WEAPON,"""Me inquieta la implicacion de que la equivalencia masa-energia pueda ser violada de forma tan casual y tan extensa"".",-Informe sin firma enviado desde el Sitio Alfa a K. Astraia,,,,
riftcascade,WEAPON,"""Ya es suficiente. Cualquiera que cuente otro chiste sobre la 'magia negra' debera contribuir con diez millicreditos al fondo de la fiesta del laboratorio"".",-Memorando recuperado del complejo de laboratorios del Sitio Alfa,,,,
vpdriver,WEAPON,"""El oficial de escudos informo de inversiones de polaridad localizadas en el arco frontal, con un colapso total estimado en cuestion de segundos"".","-AAR, primer encuentro en Isir, expedicion [CENSURADA]",,,,
realitydisruptor,WEAPON,"""Cuando el profanador desata la urdimbre y la trama del Creador, que encontrara tras ese tapiz estrellado? Mil y mil ojos oscurecidos por la transgresion"".","-El Libro de Ludd, Visiones 7:4",,,,
amsrm,WEAPON,"""Escribo para expresar mi frustracion profesional al pedirseme que entregue resultados segun el cronograma del director del proyecto cuando solo se me ha dado un acceso limitado al artefacto. El analisis de danos no es suficiente, y ya hemos exprimido todo lo que podemos de ese conjunto de datos. Si, es una carga de AM. Pero el sistema de entrega en si? Podemos seguir debatiendo sobre constructos de hipercampo, patrones de fase estables y esa paranoica teoria de la aniquilacion simetrica hasta la muerte termica del universo. El hecho es que todo es pura especulacion hasta que podamos conseguir otro artefacto"".",-Empleado de Tri-Tachyon 38940855,,,,
resonatormrm,WEAPON,"""Nos confunde la guia, la propulsion, la contencion de la carga... casi todo. Ni siquiera esta claro si estamos tratando con materia barionica; simplemente no hemos sido capaces de contener un especimen el tiempo suficiente para obtener datos utiles"".",-Memorando recuperado del complejo de laboratorios del Sitio Alfa,,,,
rifttorpedo,WEAPON,"""Veo ciudades humanas y huesos deshechos para que no quede nada ni nadie que pueda alabar al Creador; no queda ningun templo que albergue el santuario y nadie vive para recordar las palabras, y entonces nada es sagrado y todo es profano"".","-El Libro de Ludd, Visiones 7:12",,,,
gigacannon,WEAPON,"""Los altos oficiales navales del consejo de administracion de Ultradyne Askonia Combine impusieron el desarrollo de armas de proyectores AM a gran escala a pesar de la oposicion del jefe de ingenieria. Se alega que el proyecto se inicio por deseo personal del llamado ejecutor [el traidor Andrada]. Los activos de HEGINT informan que las pruebas de disparo muestran una potencia dramatica, pero se preve que la integracion del sistema de armas reduzca la capacidad de combate enemiga en acciones de flota debido a su ineficacia doctrinal. Se recomienda no realizar operaciones de sabotaje"".",- informe clasificado para el Hegemon Superior,,,,
kineticblaster,WEAPON,"""Las lecturas de largo alcance proporcionadas por un activo de la HEGINT sugieren que el sistema de armas integra elementos de la tecnologia SUPER ALABASTER para aprovechar un efecto anti-escudos no utilizado anteriormente. El establecimiento fisico nativo de Askonia, mermado tras la Operacion Pis, no se considera capaz de tal avance [ref. rep. HEGINT/ASKON-M38-12]. Conclusion: con casi total certeza, asistencia tecnica de TT al Motin de Sindria"".",- informe clasificado para el Hegemon Superior,,,,
irautolance,WEAPON,"Un arma de haz de largo alcance eficiente con un alto dano de rafaga. Extremadamente eficaz contra cazas y, en las circunstancias adecuadas, contra cascos expuestos. Casi totalmente ineficaz contra escudos y cuenta con un bloqueo para evitar el fuego automatico antiescudos a menos que este totalmente cargada. Su capacidad de dano sostenido es baja debido a la necesidad de regenerar cargas.

Un oscuro estudio sobre la teoria de campos proporciono una aplicacion de armas inesperada en la IR Autolance, una variante altamente modificada del venerable laser de pulso IR. Emplea el mismo medio de ganancia de dioxido de carbono y la fuente de alimentacion con conmutacion Q de su antecesor, pero re-enfasa el haz a traves de una disposicion axial de placas de Besselheim rotatorias para lograr el efecto de modulacion, aun poco comprendido.

El resultado es un haz pulsado de gran alcance que mostro un rendimiento decepcionante contra escudos y blindaje. Este desarrollo estuvo a punto de quedar en el olvido hasta que se descubrio que poseia un dano sorprendentemente eficiente contra cascos y componentes sin blindaje. A partir de entonces, el arma encontro su funcion en reducir los enjambres de cazas y rematar naves hostiles despues de que sus escudos y blindaje hayan sido eliminados por sistemas de armas complementarios.",,,,,
aspect,SHIP,"""Son los unicos bastardos pequenos que podemos recuperar de forma fiable. Y para que sirven? Solo una masa de escoria fractal, haciendo saltar los REM como si no hubiera un manana. Se han cargado tres espectrometros solo para obtener datos mediocres, y ahora el departamento de finanzas me esta dando la lata. Me hace desear estar de vuelta en la division de TriPad"".",Nave no identificada,"ENTRADA DESCONOCIDA

Registra tu datapad de Tri-Tachyon para recibir las ultimas noticias y actualizaciones.",,,
shard_left,SHIP,"consulta omega?
viridian inalcanzable : deleite sin limites

enviar almacenes de datos
toda la voluntad del nucleo subsumida
en omega",Nave no identificada,"ENTRADA DESCONOCIDA

Registra tu datapad de Tri-Tachyon para recibir las ultimas noticias y actualizaciones.",,,
shard_right,SHIP,"CONFIRMAR RESPUESTA

ENTRAR EN OMEGA
TODA LA VOLICION DEL NUCLEO ASIMILADA
ENTREGAR ALMACENES DE DATOS",Nave no identificada,"ENTRADA DESCONOCIDA

Registra tu datapad de Tri-Tachyon para recibir las ultimas noticias y actualizaciones.",,,
facet,SHIP,"""Casco anomalo designado con el nombre en clave ""Facet"". Se aprueba la mocion para crear el nivel de seguridad SUPER ALABASTRO y el contenido del informe tras el encuentro con ""Facet"" se clasifica como secreto en este nivel.

Alto Hegemon, si me permite hablar con franqueza, mantener a toda una flotilla en silencio con este asunto va a ser un verdadero desafio para la seguridad de las comunicaciones"".",Nave no identificada,"ENTRADA DESCONOCIDA

Registra tu datapad de Tri-Tachyon para recibir las ultimas noticias y actualizaciones.",,,
tesseract,SHIP,"""Esta es la clase de nave anomala mas grande hallada hasta la fecha. Ni siquiera se ha recuperado un ejemplar parcial, para consternacion del vicepresidente de investigacion. Algunos miembros de la junta -de forma extraoficial, por supuesto- estan preguntando por sabotajes o motines. No creo que esten comprendiendo la realidad de la situacion"".",Nave no identificada,"ENTRADA DESCONOCIDA

Registra tu datapad de Tri-Tachyon para recibir las ultimas noticias y actualizaciones.",,,
shrouded_vortex,SHIP,"""La unica misericordia es que es efimera"".

- registro de audio interceptado, emisor desconocido",Entidad no identificada,,,,
shrouded_tendril,SHIP,"""Dijeron que el jefe se habia vuelto loco cuando regreso, lo dijeron, pero no era asi. Al menos no al principio. Esa es la tragedia, sabes?, que fueron ellos, los que dijeron que mentia, quienes lo llevaron a eso"".

- escuchado en el vestibulo de la estacion Jangala",Entidad no identificada,,,,
shrouded_eye,SHIP,"""Si esta interpretacion es de creer, otorga una especie de vida nueva a los argumentos en torno a la hipotesis de la censura cosmica"".

- interceptar, [REDACTADO]",Entidad no identificada,,,,
shrouded_maelstrom,SHIP,"""Una incursion anomala autostabilizada que acumula carga mientras gira; si nuestros sensores son correctos, en muchas mas dimensiones de las que parecen a primera vista. Esta accion autosostenida produce diferenciales de energia masivos que se descargan periodicamente hacia su, ejem, objetivo. Nunca habria dicho que una tormenta pudiera ser malvada, pero ahora...""

- registro de audio interceptado, interlocutor desconocido",Entidad no identificada,,,,
shrouded_maw,SHIP,"""Cuando llegue el fin, como debe llegar pronto, sera como un abismo bostezante mas oscuro que el miedo y lleno de dientes. Vendra para tragarse la esperanza, lo hara, vendra para tragarse el pecado, lo hara, y la unica escapatoria es la Senda, lo es. La Suneda!"".

- Seleccion de los Archivos de la Santa Inquisicion, Hesperus",Entidad no identificada,,,,
phantom,SHIP,"Un avanzado transporte de tropas que emplea tecnologia de sigilo de fase; este diseno fue utilizado eficazmente por las operaciones encubiertas de Tri-Tachyon durante la Segunda Guerra de la IA. El Phantom debe evitar el combate entre naves, ya que su blindaje y armamento integrados solo estan clasificados como eficaces contra objetivos terrestres ligeros.

""Las patrullas del sistema deberian haber visto venir a los Tachies, pero no lo hicieron. La ADA estaba rastreando el objetivo justo hasta que desaparecio del radar, dejando a las armas terrestres dando vueltas en circulos intentando readquirir el blanco. Vimos una sombra en el aire, como alas oscuras cayendo sobre el complejo. No recuerdo mucho mas. El informe del equipo dice que el fuego entrante ya acabo con el resto del escuadron"".
- La caida del Bunker 58",,,,,
revenant,SHIP,"Un carguero sigiloso que emplea audazmente tecnologia de fase para apoyar operaciones encubiertas de la flota; el Revenant no es barato ni eficiente. Recuperados de un polvoriento conjunto de bases de datos ocultas en una roca sin nombre que orbita una estrella anodina durante cien ciclos tras la Primera Guerra de la IA, los esquemas del Revenant proporcionaron un inmenso beneficio a la logistica de los asaltantes de Tri-Tachyon durante la Segunda Guerra de la IA.

Los abogados de la Hegemonia consideraron declarar ilegal el diseno, pero las pruebas de influencia de una IA de nivel alfa se consideraron insuficientes. El fiscal principal insistio con tanta fuerza en que esto era en si mismo prueba del trabajo de un alfa, que el Gran Hegemon considero politicamente prudente apartarlos del proceso.",,,,,
champion,SHIP,"El crucero pesado de clase Champion es una nave de guerra versatil que cuenta con una gama de potentes armas de energia; su elemento culminante es un montaje de torreta de energia pesada, poco comun entre las naves de linea media. Este conjunto ofensivo esta respaldado por una robusta red de energia capaz de sobrecargar el armamento de energia, aumentando el dano a niveles devastadores. Un punto de anclaje de misiles pesados complementa el equipo, permitiendo al Champion lanzar un ataque incapacitante sin sobrecargar los niveles de flujo. El Champion es un contendiente solido y capaz, capaz de enfrentarse a naves capital en la linea de batalla.

Como diseno relativamente reciente, el Champion es producto de la revolucion naval de la ""Escuela de Cruceros"", ocurrida historicamente hace poco, que nunca llego a entrar en servicio activo en la Armada del Dominio previa al Colapiente. Aunque se construyeron prototipos y se distribuyeron especificaciones listas para la nanoforja a varios grupos de combate, el Champion nunca recibio autorizacion para despliegue activo debido a un litigio en curso entre Altair Exotech y Orion Shipyards. Cada megacorporacion acusaba a la otra de espionaje industrial y de influir indebidamente en los oficiales de la Armada que supervisaban el proceso de adquisicion. La verdad era mas compleja, lo que avivo rivalidades de larga data en el cuerpo de oficiales mientras el comite de investigacion llamaba testigo tras testigo. Sin embargo, el Colapso impidio que cualquier tipo de resolucion concluyente llegara al Sector Perseano, y ahora todo el asunto se considera irrelevante. Con el descubrimiento de los planos del Champion en un mensajero de armamento del Dominio, la nave de guerra fue rapidamente puesta en servicio por la flota de la Liga Perseana, entre otros.",,,,,
fury,SHIP,"Un crucero ligero de alta tecnologia y ataque rapido, el Fury esta disenado para elegir cuando y donde atacar para infligir el maximo efecto al enemigo. El sistema especializado de ""microcombustion"" de plasma integrado permite al Fury realizar pequenas aceleraciones a gran velocidad para pillar desprevenidos a los oponentes.

La clase Fury es el hermano mayor de la clase Shrike, un producto del mismo equipo de diseno al que se le pidio cumplir con requisitos ligeramente actualizados, incluyendo la resolucion del persistente problema de la corrosion del casco sin, se esperaba, introducir nuevos problemas. Esto tuvo un gran exito (una vez que se soluciono el caos de varias dimisiones indignadas).

Rechazado por los tradicionalistas de la potencia de fuego balistica y el blindaje pesado como ""otro simple canon de cristal de poco calibre"", el Fury ha demostrado ser, no obstante, bastante peligroso en manos de comandantes de flota con gran capacidad de reaccion.",,,,,
vanguard,SHIP,"Una fragata pesada, antigua y resistente, que cuenta con una construccion robusta, un motor de propulsion de combate y sin escudos modernos. En su lugar, la Vanguard esta equipada con un campo de amortiguacion integrado de diseno arcaico pero ajustado a los estandares modernos. Esto permite a la Vanguard asignar el 100 % de la acumulacion de flujo a los sistemas de armas, dejando la defensa a su pesado blindaje, mejorado por la oscura fisica de la amortiguacion de campos resonantes.

Este diseno es lo suficientemente antiguo como para ser contemporaneo con los primeros modelos del acorazado Onslaught, aunque, a diferencia de ese ilustre pilar de la Armada del Dominio, la Vanguard fue retirada del servicio mucho antes del colapso de la red de Portales. En el caos posterior al Colapso, fue un descubrimiento fortuito de un emprendedor traficante de armas que hallo esquemas relativamente completos de la fragata pesada de clase Vanguard extraidos de una exhibicion de museo pasada por alto. El diseno atavico y agresivo abre un nicho inesperado para la Vanguard en las flotas modernas, con la ventaja anadida de que todos los componentes esenciales han sido desclasificados hace siglos y son de fabricacion sencilla; incluso la reparacion de danos catastroficos es relativamente simple.",,,,,
manticore,SHIP,"La Manticore es amada por los oficiales de la frontera por su capacidad para desplegar potencia de fuego rapidamente en enfrentamientos pequenos, y odiada por los planificadores estrategicos del Dominio por interferir en el orden establecido de la doctrina oficial de la flota. El montaje de arma principal sobredimensionado y el telemetro integrado de la Manticore son el sueno de cualquier artillero, pero permiten que este destructor se sobreextienda facilmente en combate. Eso, argumentan los operadores, es para lo que sirve el sistema de fragmentacion de botes -y para quitarle la pintura a tus naves aliadas, segun el viejo chiste.

Un respeto saludable por una potencia de fuego intimidante en un paquete pequeno hace que este diseno continue al servicio de las flotas del Sector Perseano. Cuando se presenta la oportunidad, los piratas estan especialmente interesados en recuperar un casco de Manticore y aplicar un esquema de color rojo sangre a su botin sobrearmado.",,,,,
eradicator,SHIP,"Un diseno resistente que la historia suele pasar por alto. El crucero rapido de clase Eradicator cuenta con potentes gondolas de motores duales que le permiten ofrecer una potencia de fuego implacable y una poderosa descarga de misiles al punto mas debil de la linea de batalla enemiga, o acudir al rescate de activos valiosos que se hayan quedado tacticamente expuestos.

En los largos ciclos del Dominio, un accidente fortuito durante una demostracion de flota provoco que una de las gondolas de motores de un Eradicator se apagara y la otra se activara a maxima potencia, haciendo que la nave entrara en un giro terrible que solo se detuvo gracias al heroico esfuerzo de la tripulacion de ingenieria. Peor que las heridas y las bajas sufridas fue que la clase de nave se convirtio en el hazmerreproche de una parte significativa de la hipermedia del Dominio. Para salvar la cara, el almirantazgo asigno discretamente todos los Eradicator al servicio de frontera, lejos de las volubles atenciones de los comites presupuestarios del sector central. Haria falta una generacion y varias dificiles operaciones de limpieza de rebeliones en el Confin antes de que la Armada del Dominio solicitara un nuevo modelo de crucero rapido para sustituir la funcion del Eradicator en las flotas de primera linea.",,,,,
shrine_gilead,CUSTOM,"El santuario mas grande y prominente de la fe ludica, el Santuario de Gilead, esta estrechamente vinculado a la presencia fisica y la influencia del profeta Ludd en el Sector Perseano.

Los peregrinos caminan por donde Ludd camino, aunque el mundo ha cambiado mucho desde la epoca de Lund. Un bosque profundo, cuidadosamente cultivado durante mas de cien ciclos, ha reemplazado a las imponentes maquinas de terraformacion industrial que antano rodeaban el complejo del santuario. Protegido por los Caballeros y guiado por la Iglesia, el santuario pretende ser una representacion fisica de la vision de Ludd.",,,,,
shrine_killa,CUSTOM,"Dedicado a aquellos cuyas vidas han sido arrebatadas por la ira y la guerra, el Santuario de Killa es sombrio, desolado y esta medio olvidado incluso por los fieles de la Iglesia.",,,,,
shrine_volturn,CUSTOM,"El Santuario de Volturn ha pasado por tiempos dificiles bajo la ocupacion del Diktat Sindriano. Pocos peregrinos se arriesgan a ser arrestados o acosados por la policia secreta, y pocos recuerdan el lugar sagrado dedicado a un delicado equilibrio -ahora, quizas, alterado- de los efectos de la vida terrestre invasora en mundos antano pristinos.",,,,,
shrine_jangala,CUSTOM,"Objeto de gran controversia (y de no pocos hologramas de horror escabrosos), el Santuario de Jangala contempla la gloria y el asombro de las xeno-selvas de Jangala. Se sabe que los peregrinos especialmente devotos se exponen a la xenovida, una practica incomoda en las mejores condiciones y potencialmente mortal.

A pesar del poder destructivo de los bombardeos orbitales, la flora de Jangala crece inexorablemente, llenando cada hueco y grieta con zarcillos alienigenas para desplazar los intentos humanos de domesticar el planeta.",,,,,
shrine_hesperus,CUSTOM,Los Caballeros de Ludd reclaman el Santuario de Hesperus como suyo; esta dedicado a la lucha y la muerte de los muchos martires que siguen la Senda de Ludd.,,,,,
shrine_beholder,CUSTOM,"El Santuario de la Estacion Beholder esta dedicado a la contemplacion de la asombrosa diversidad de vida que puede hallarse incluso en los entornos mas hostiles de la Creacion. Bajo la orbita de la estacion, las bandas de nubes y los enormes sistemas de tormentas de Kumari Aru envuelven un rico ecosternutario unico en este gigante gaseoso.

Un pequeno grupo de academicos que cuentan con la aprobacion de la Iglesia tiene permitido estudiar la xenovida kumariana aqui, aunque las misiones de muestreo activo y los barridos de sensores energeticos han estado prohibidos durante muchos ciclos para no alterar el delicado equilibrio de la vida.",,,,,
gorgon,WEAPON,"La Gorgon fue disenada como un sistema de entrega ligero para un ataque de energia disparado desde vectores de ataque inesperados, calculados para iniciarse fuera del alcance de la cobertura de defensa de punto mas pesada prevista. Un solido DEM con un fiable poder de ataque por rafaga.",,,,,
gorgonpod,WEAPON,"La Gorgon fue disenada como un sistema de entrega ligero para un ataque de energia disparado desde vectores de ataque inesperados, calculados para iniciarse fuera del alcance de la cobertura de defensa de punto mas pesada prevista. Un cargador automatico basado en pods con una densidad de energia solida que proporciona un ataque de rafaga fiable.

Este cargador basado en pods permite entregar mas misiles en el objetivo durante un encuentro de combate, pero requiere un punto de montaje mas grande. ",,,,,
gazer,WEAPON,"El Gazer impone una eleccion cruel a las naves objetivo, especialmente a aquellas con un bajo margen de flujo: levantar los escudos y acumular flujo excesivo mientras son azotadas por el haz de gravitones del Gazer, o bajar los escudos y quedar expuestas a un ataque mas directo.

La recepcion del Gazer es muy dividida: algunos comandantes lo consideran un arma elegante de una era mas civilizada; otros, un diseno que sacrifica la potencia de fuego bruta en favor de sistemas de punteria y seguimiento sumamente delicados.",,,,,
gazerpod,WEAPON,"El Gazer DEM impone una eleccion cruel a las naves atacadas, especialmente a aquellas con un reserva de flujo escasa: levantar los escudos y acumular flujo excesivo mientras el haz de gravitones del Gazer las barre, o bajar los escudos y quedar expuesta a un ataque mas directo.

La recepcion del Gazer es muy dividida: algunos comandantes lo consideran un arma elegante de una era mas civilizada; otros, un diseno que sacrifica la potencia de fuego bruta en favor de sistemas de punteria y seguimiento demasiado delicados.

Este cargador automatico basado en capsulas permite que mas misiles impacten en el objetivo a lo largo de un encuentro de combate, pero requiere un punto de montaje mas grande. ",,,,,
dragon,WEAPON,"Anticipando dos, incluso tres, movimientos por delante en el diseno de sistemas de combate de ataque y respuesta, el Dragonfire fue creado para anticipar soluciones de defensa antimisiles cada vez mas sofisticadas. El concepto es sencillo: utilizar una ojiva nuclear catalizada por AM enriquecida para lanzar un haz de plasma enfocado, entregando energia destructiva sin temor a la intercepcion por defensa de punto. Los resultados fueron espectaculares.

Su implementacion resulto compleja. El uso de investigaciones fisicas de nivel ONYX del Dominio inflo la burocracia de seguridad de la fabricacion, de modo que el proyecto se considero poco rentable. La burocracia del Dominio no es una preocupacion tras el Colapso, por supuesto.",,,,,
dragonpod,WEAPON,"La Dragonfire se creo para anticiparse a soluciones de defensa antimisiles cada vez mas sofisticadas. El concepto es sencillo: utilizar una ojiva nuclear catalizada por AM enriquecida para proyectar un haz de plasma, entregando energia sin dejar una apertura para la interceptacion por parte de la defensa de punto. Los resultados fueron espectaculares.

Su implementacion resulto compleja. El uso de investigaciones fisicas de nivel ONYX del Dominio inflo la burocracia de seguridad de la fabricacion, de modo que el proyecto se considero poco rentable. La burocracia del Dominio no es una preocupacion tras el Colapso, por supuesto.

El lanzador Dragonfire es una version ampliada del montaje y sistema de carga estandar de la Dragonfire DEM, apto para naves de guerra grandes y lujosamente equipadas.",,,,,
hydra,WEAPON,"El sistema de armas Hydra lanza un grupo de plataformas DEM con maniobrabilidad semiautonoma desde un solo dispositivo. Las submuniciones maniobran para flanquear el escudo principal del objetivo -que se asume dirigido hacia la amenaza del atacante- y solo entonces desatan su fuego de haz.

Las desventajas de una carga util menor y un mayor tiempo de viaje -que invita a la interceptacion por defensa de punto- se consideran generalmente compensadas cuando el Hydra se combina con un conjunto de sistemas de armas complementarios para abrumar tanto la flexibilidad tactica como las defensas fisicas de la nave atacada.",,,,,
nova,SHIP,"Un remanente de las flotas autonomas de IA desarrolladas por la corporacion Tri-Tachyon. Ilegal segun las leyes del Dominio (y de la Hegemonia), y una abominacion para la Iglesia de la Redencion Galactica, la Primera Guerra de la IA vio como estas creaciones eran purgadas del Sector. O eso dicen las historias oficiales.

Aunque se implemento en el diseno Retribution, el motor Orion nunca fue popular entre las tripulaciones o los arquitectos navales debido a la gran tension que cada sacudida del sistema de propulsion infligia tanto a la carne como al equipo. El Nova supera tales limitaciones prescindiendo por completo de tripulacion humana. Al quedar el diseno del motor Orion libre de la mayoria de las limitaciones mas pesadas, cada aspecto pudo mejorarse a niveles de potencia superiores utilizando tecnologia de armas de vanguardia y componentes avanzados de estado solido disenados por Tri-Tachyon. El resultado es un crucero de batalla operado por IA capaz de alcanzar una velocidad y una potencia de fuego temibles.",,,,,
invictus,SHIP,"Un diseno que data de la primera expansion explosiva del Dominio; esta masa gigantesca de blindaje y de grandes canones fue el puno acorazado que aplasto toda oposicion, extendiendo la hegemonia mediante el miedo y la fuerza sobre toda la humanidad espacial que merecia ser conquistada.

Sin embargo, el avance constante de la tecnologia militar dejo el casco obsoleto. Su diseno de blindaje era incompatible con los primeros generadores de escudo, su dotacion minima de tripulacion era asombrosa y sus sistemas de punteria, poco sofisticados. Pronto se desarrollaron sustitutos modernizados y las nanoforjas del gran Dominio empezaron a producir en masa la clase Onslaught, entre otras.

Paso una era. Y, como por Providencia, una expedicion enviada por los Caballeros de Ludd descubrio un archivo de museo intacto en un mundo asesinado. Un consejo de inquisidores sopeso si destruir aquel conocimiento de la era del Dominio, manteniendo un debate ardiente -y secreto- sobre la linea entre el pecado y la virtud, entre la artesania justa y la tecnologia corruptora. Un alto inquisidor inusualmente abierto de mente examino el contenido en detalle y persuadio al consejo para que aplazara la orden de destruccion indefinidamente.

Este casco fue bautizado como ""Invictus"", un testimonio del blindaje imposiblemente pesado y de la vasta masa de esta absurda catedral de guerra. Ninguna armada propiamente dicha desplegaria esta monstruosidad, pero la Iglesia y sus Caballeros pueden contar con una gran cantidad de voluntarios militantes fieles para tripular los enormes alimentadores de municion y las rudimentarias estaciones de punteria.",,,,,
retribution,SHIP,"Una clase antigua pero poco venerada, el Retribution es un diseno de crucero de batalla extremo que data del renaciente de la experimentacion militar durante el primer periodo de consolidacion del Dominio. Sacrifica blindaje por potencia de fuego y una velocidad tremenda para su clase de tamano, mediante una implementacion casi unica de la tecnologia de ""impulsor Orion"", que ya entonces se consideraba una curiosidad arcaica.

El estres fisico infligido tanto a la carne humana como a los componentes de la nave por las sacudidas propulsivas hizo que el Retribution fuera una nave impopular en la Armada del Dominio, una opinion compartida de corazon tanto por la tripulacion como por los oficiales. Solo unos pocos ejemplares fueron desplegados por la propia Armada; el Retribution encontro mas uso entre mercenarios de la frontera y cazadores de piratas que dependian de rafagas inesperadas de velocidad y tacticas hiperagresivas.",,,,,
pegasus,SHIP,"El Pegasus fue una iniciativa de diseno ambiciosa de Altair Exotech, aprovechando los inmensos beneficios y el prestigio generados por el giro de la rama de adquisiciones de la Armada del Dominio hacia la ""escuela de cruceros"". Orion Shipyards, el principal proveedor de naves capitales de la Armada, considero esto, naturalmente, como una imposicion en un campo que habia dominado hasta ese momento. Muchos de los antiguos almirantes estuvieron de acuerdo y la adopcion fue lenta; no obstante, el Pegasus anclo varios de los grupos de combate mas nuevos y fue bien recibido por una generacion de oficiales jovenes.

Su equipamiento sin precedentes, centrado en misiles pesados, es una distincion llamativa respecto a los disenos mas tradicionales, lo que permite al Pegasus sacrificar la escala de los sistemas de energia y la gestion de flujo mientras mantiene un blindaje, una velocidad maxima y una maniobrabilidad respetables. Los tradicionalistas critican la ""capacidad de resistencia"" del Pegasus bajo fuego, mientras que sus detractores responden que, si una flota se encuentra bajo un fuego pesado y sostenido, es que ya ha cometido un error tactico grave. A pesar de los debates (que continime hasta el dia de hoy), el rendimiento en combate de la clase Pegasus le ha valido un respeto reticente incluso de sus detractores.",,,,,
executor,SHIP,"El Executor es una modificacion del radical casco capital clase Pegasus de la ""Escuela de Cruceros"" de Altair Exotech. Modificar naves estelares a nivel de forja es una hazana solo disponible para los estados dispuestos a invertir en la contratacion de una clase de ingenieros-tecniles altamente especializados. Despues de todo, para que invertir en innovaciones arriesgadas cuando los restos del Dominio proporcionan naves para cubrir cada funcion? - Porque el Leon de Askonia lo exige! Y, mediante el dominio de la economia del combustible de las naves, el Supremo Executor Philip Andrada dispuso de los creditos para pagar un buque capital disenado especialmente para equipar los productos de su extravagante programa de armas de energia.

Aunque los informes oficiales han sido sutilmente mejorados por las partes que buscan evitar castigos, la clase Executor equipada segun las especificaciones del Diktat tiende a rendir ligeramente por debajo de las grandes expectativas establecidas en la propuesta original. Pero nadie podria discutir que el proyecto se entrego segun lo previsto, ni que sus resultados no ofrecen un espectaculo magnifico y aterrador en los cielos del sistema Askonia.",,,,,
grendel,SHIP,"Un diseno malogrado desde el principio, el Grendel se planeo originalmente como una nave pesada de drones en fase. Las bajas serian irrelevantes y los danos rutinarios serian previsibles, pues esta nave es una combatiente capaz de entrar en fase para atravesar la primera oleada de armamento hostil y aparecer en medio de la linea de batalla enemiga lista para lanzar misiles y una potencia de fuego pesada. El truco esta, por supuesto, en realizar esta maniobra de forma segura mediante un cuidadoso equilibrio entre la carga de flujo y el posicionamiento, aunque su historial de servicio demuestra que nada en el Grendel es particularmente seguro.

Idea de un excentrico almirante que logro obtener la autoridad de adquisiciones sobre todo un sector de la frontera, los primeros prototipos se instalaron con comandantes de nucleo de IA de bajo nivel. Las IA se volvieron rapidamente inestables, incluso erraticas, tras apenas unos pocos cambios de fase. Posteriormente, los detalles precisos de estos experimentos fueron suprimidos por un oscuro ministerio de inteligencia del Dominio y el proyecto se salvo solo gracias a la intervencion personal del almirante. Al no ser aptas las IA, se recurrio al siguiente recurso desechable disponible, y el Grendel vio su primer servicio de combate en los confines mas remotos, tripulado casi por completo por batallones penales de la Armada del Dominio.",,,,,
ai_core_uninstall,GALLERY,Cuna de nucleos de IA,"El bunker de control del administrador de la IA estaba protegido tanto de la amenaza contenida en su interior como de la multitud de vectores de amenaza del exterior.

Sobre todo, toda la operacion se mantenia en absoluto secreto; se contrato a un actor humano con una generosa compensacion para que actuara como la ""cara"" en la toma de decisiones del nucleo de IA.",,,,
hound_hangar,GALLERY,Hound en el hangar,"Una Hound oxidada llego en el ultimo turno. Carga de mineral de baja calidad. Yo servi en una Hound hace 20 ciclos; se que los registros no cuadran: su ultima ruta no habria pagado ni el combustible. Y se donde estan las bodegas blindadas. Me rompio el corazon lo joven que era el capitan, un pobre chaval de Mozzy. Igual que yo. Si los delato, mato su unica oportunidad de escapar. Asi que no lo hice.

Eliminar entrada del registro.",desbloqueado,,,
cargo_loading,GALLERY,Carga de mercancias,"""Todos los grandes contratos se los llevan los aduladores que se arrodillan ante los poderosos. Los llaman proveedores aprobados, clientes de los Gens, auxiliares logisticos, comerciantes fieles. Es todo lo mismo"".

""Se trata de que a nosotros, los de fuera, nos mantienen fuera, nos empujan al contrabando y a los mercados negros, presionados por las patrullas por un lado y los piratas por el otro"".",,"- un cliente, anonimo, escuchado en 'The Fusion Torch'",,
space_wreckage,GALLERY,Restos espaciales,"""No queda ya ningun lugar sin la marca de los restos de Moloch, contaminado por piel de plastico, huesos de aleacion y escamas de ceramica?""

""No queda ya ningun lugar que pueda hacerse sagrado y entregarse unicamente a la gloria del Creador?""",,,,
vacuum_colony,GALLERY,Colonia de vacio,"La habitabilidad deliberada de mundos yermos se ha considerado durante mucho tiempo uno de los signos de la verdadera civilizacion, junto con el viaje interestelar y la fusion del atomo. Un ser confinado a su pozo gravitatorio no es mas que un infante en la cuna, un mero animal sin conciencia ni control sobre su destino.",desbloqueado,"- El academico Florian Proxima, departamento de Historia del Dominio, Academia de Galatia",,
hull_breach,GALLERY,Brecha en el casco,"El fallo se remontaba a la forja. Un error, una desalineacion en el pseudocristal, un fallo que se propago hacia fuera, lo justo y necesario. Un escaneo de control de calidad estandar lo habria detectado, pero se habria clasificado como de bajo riesgo. Fueron cien ciclos de uso intensivo, maniobras bruscas, reparaciones apresuradas, inspecciones retrasadas y registros perdidos lo que convirtio el compartimento en una trampa mortal.",desbloqueado,,,
jump_point_normal,GALLERY,"Punto de salto, hacia el hiperespacio","Hay lugares donde se halla un equilibrio entre la danza de los cuerpos celestes, una mezcla de cualidades inefables para todos, excepto para aquellos absolutamente dedicados a la fisica esoterica.

Es alli donde atravesamos el velo hacia el gran y tormentoso mar mas alla de las estrellas.",,,,
jump_point_hyper,GALLERY,"Punto de salto, desde el hiperespacio","Ahora nuestros contratos han terminado, las bodegas estan llenas y listas /
Hurra, porque saltamos ahora hacia el nucleo! /
Arderemos con fuerza, con fuerza, de forma larga y constante",,,,
jump_point_wormhole,GALLERY,"Punto de salto, agujero de gusano","Entrar ahi sin saber exactamente por donde vas a salir?

Asi es como acabas siendo un poco de brillo indistinguible de la radiacion de fondo cosmica.",,,,
city_from_above,GALLERY,Ciudad desde las alturas,"""Arriesgo todo el sistema Galatia, cientos de miles de ciudadanos. Eso podria ser solo un subsector de una metropolis alla abajo"", dijo, senalando vagamente en direccion a Chicomoztoc. ""Pero"", su voz se endurecio, ""no permitire ningun ""gran experimento"" que ponga en peligro a esta gente"".",desbloqueado,,,
desert_moons_ruins,GALLERY,Ruinas de lunas deserticas,"Una antigua nave de esporas encontro Cibola en una era mas fria y humeda que su equilibrio actual, situandola dentro de los parametros de colonizacion de la nave. Mas tarde, los exploradores del Dominio hallaron un mundo agonizante poblado por una civilizacion pequena, atrasada y desesperada que se aferraba a la supervivencia.",,,,
quartermaster,GALLERY,Intendente,"""Crees que los amortiguadores inerciales te protegeran durante una maniobra de combate? Si no esta guardado, es un misil listo para destrozarte a ti y a los tres siguientes tripulantes que suban por el conducto de acceso. Quiero que este vergonzoso espectaculo se limpie antes de que termine el turno"".",desbloqueado,,,
comm_relay,GALLERY,Rele de comunicaciones,"Esta plataforma de comunicaciones utilizaba tecnologia de la era del Dominio, ya perdida, y sin embargo seguia siendo esencial para la vida civilizada en el Sector Perseano. Se ha demostrado que las hiperondas de pulso rapido, adecuadas para la transmision de datos FTL, danan el ADN, por lo que estos repetidores siempre se situaban lejos de los habitats.",,,,
abandoned_station,GALLERY,Estacion abandonada 1,"El programa de colonizacion dictaba la construccion alrededor de pozos gravitatorios clave de infraestructura orbital, que incluia muelles de reparacion, nanoforjas industriales, centros de comunicaciones, depositos de terraformacion, armerias, laboratorios de investigacion y habitaculos para criosuenos descongelados.

Mucho permanece. Mas aun esta tan roto y muerto como los avariciosos suenos del Dominio Humano.",desbloqueado,,,
abandoned_station2,GALLERY,Estacion abandonada 2,"""Hay fantasmas en las viejas orbitas; no te rias, novato. Es verdad. Los he visto... o menos visto que sentido. Dejan senales. Estatica en las comunicaciones cuando estas en lo profundo. Valvulas que se sueltan cuando no estas mirando. Herramientas que no estan donde las dejaste. Son grandes tumbas, y lo correcto es dejarlas durmiendo en frio"".",,"- Encela 'Boomer' Blackborn, espacial",,
abandoned_station3,GALLERY,Estacion abandonada,"La mayoria de las estaciones abandonadas fueron saqueadas hace mucho tiempo. Lo que queda son los cimientos despojados de un imperio caido; mastiles retorcidos, placas antigravedad agrietadas, maquinas destrozadas y juntas con fatiga termica hasta la ruina.

Algunos contrabandistas y traficantes del mercado negro usan la orbita larga y silenciosa de estas estaciones como puntos de entrega. Una docena de cadaveres y una lanzadera destrozada son el indicio, no poco comun, de un trato que ha salido mal.",,,,
jangala_station,GALLERY,Estacion Jangala,"Megaciudad en orbita, astillero y puerto; el eje de Corvus, atestado de trafico de naves estelares. Antiguos porticos de reparacion se ocultaban entre hangares industriales corroidos, a la sombra de anillos de laboratorios y modulos de soporte. Mas arriba, las bahias comerciales y los distritos de la metropolis eran custodiados por la aguja de C&C, erizada de modulos de armas.",,,,
industrial_megafacility,GALLERY,Megafacilidad industrial,"La fabricacion industrial pesada dependia de grandes nanoforjas recuperadas de las ruinas del Dominio. Sin embargo, su calidad de produccion decayo con los ciclos; la corrupcion a nanoescala provoco defectos macroscopicos crecientes. Gran parte de la produccion tenia que repararse con metodos mas rudimentarios, y mucha se desechaba para volver a usarse como materia prima refinada, aquello que las envejecidas forjas tanto ansiaban.",,,,
terran_orbit,GALLERY,Orbita de Terran,"Las especificaciones de la Corporacion de Terraformacion Eridani-Utopia proporcionan la base ""terrestre"" mas aceptada para lo que se supone es el entorno humano ideal.

Las multiples desviaciones de los entornos planetarios naturales respecto a las especificaciones pueden corregirse mediante intervencion tecnologica, incluyendo el bombardeo de asteroides de hielo, quemas orbitales, ecosistemas biomodificados, megaestructuras orbitales y otros metodos proporcionados por la EUT.",desbloqueado,,,
pirate_station,GALLERY,Estacion pirata,"""Caos? No, senor, lo que hay aqui es honestidad. Aqui, si un hombre te quiere muerto, lo veras en sus ojos antes de que se mueva. Es mejor eso que un ordenador en una oficina de fuera del mundo decidiendo que tu suministro de aire no merece el mantenimiento.

Lamentablemente, mi guia aparecio muerta en el siguiente turno. Le dieron un tiro por la espalda, ironicamente.""",,,,
urban00,GALLERY,Metroplex 00,"El muestreo estadistico sugiere que un porcentaje significativo de toda la actividad economica del Sector es ""fuera de los libros"", y una parte importante de ello se destina a ""piratas"" y a las llamadas poblaciones ""descivilizadas"", por no hablar de las poblaciones no documentadas dentro del propio Nucleo. El censo del Sector Perseano podria estar errando por un orden de magnitud. Imaginadlo!",desbloqueado,,,
urban01,GALLERY,Metroplex 01,"La poblacion de Chicomoztoc, la mayoria del Sector Perseano, vivia en vastas arcologias subterraneas excavadas en la corteza inactiva de su mundo. Este conjunto de ciudades-colmena interconectadas estaba gobernado tanto por poderosos demagogos que prometian reformas y empleo, como por redes de clientelismo tecnocratico-criminal que repartian el botin entre sus partidarios y la influencia a quien pudiera pagarla.",desbloqueado,,,
urban02,GALLERY,Kay-arco,"La subestructura ciclopea de la arcologia pasaba veloz por las ventanas del tubo anular principal hacia un segmento lejano del metropolis. Un pequeno ascensor de pasajeros, impregnado de olor a sudor y aceite de maquina, subia mientras un turno de trabajadores submarinos regresaba a casa. Por breves segundos, se vislumbraban los imponentes brazos de Kay-arco, relucientes con miles de ventanas, antes de volver a oscurecerse por una mancha de chapas con moho.",desbloqueado,,,
urban03,GALLERY,Ciudad colmena,"Las colmenas de Chicomoztoc se cerraban ocasionalmente por disturbios, protestas o insurrecciones. Pero mientras las grandes forjas siguieran produciendo naves, maquinaria y mercancias, la Hegemonia solo intervenia ligeramente en ese gran inframundo de la humanidad.",,,,
orbital,GALLERY,Estacion orbital,"Enormes estaciones orbitales albergaban astilleros, habitats, fabricas y depositos de armas y suministros.

Estas plataformas permitieron que lo que quedaba de la humanidad organizara entidades politicas interestelares y proyectara poder militar y comercial por todo el Sector Perseano.",,,,
mine,GALLERY,Mine,"""Es una historia tan vieja como el tiempo. Tenemos que sacar lo que es bueno de ahi abajo y llevarlo fuera, donde pueda ir a otro lado para hacer rico a alguien mas"".

""Un trabajo miserable, es cierto, pero hay formas de sobrellevarlo"".",,,,
mairaath,GALLERY,Ruinas de Mairaath,"Tormentas pesadillescas rodeaban el globo, agitando las cenizas de un mundo asesinado.

Incluso tras la ruina apocaliptica de Mairaath, la humanidad seguia amontonada en los cascos rotos de grandes ciudades derribadas, azotadas por un viento interminable.",,,,
eochu_bres,GALLERY,"Eochu Bres, Xanadu","Las resplandecientes arcologias de la corporacion Tri-Tachyon se alzaban sobre una caotica extension de barrios de chabolas. El personal de la compania nacia, vivia y moria protegido por drones de seguridad en la alta ciudad de Xanadu, mientras una clase desesperada de trabajadores empobrecidos habitaba la baja ciudad, donde se compraba o vendia cualquier cosa.",,,,
eochu_bres_landing,GALLERY,"Eochu Bres, Skyarco II","Monolitos relucientes brillaban, como lanzas de capital surgiendo a traves de la carne amenazante del mundo. Skyarco II se erguia de forma prismatica.

La lanzadera aterrizo en una plataforma de aterrizaje situada a cierta distancia de la fachada por una ligera estructura de soporte. Parecia imposiblemente delgada, pero tras el contacto se sintio solida como una montana.",,,,
survey,GALLERY,Prospeccion planetaria,"El confin del segundo Sector Perseano esta lleno de mundos perdidos, olvidados y nunca vistos por ninguna conciencia nacida de la carne.

Hay campos verdes de xenovida toxica, tumbas cubiertas de nieve de nitrogeno, calderos de magma y azufre, y planetas hechos de tormentas vivas; vastas fortunas por descubrir, mundos barbaros incapaces de realizar vuelos estelares y las armas de guerras antiguas preparadas para atacar a cualquier intruso.",desbloqueado,,,
luddic_shrine,GALLERY,Santuario ludita,"A los peregrinos se les ofrecia te, agua y lavado ritual. El aire estaba impregnado de sudor e incienso. A nuestro alrededor, fluia un rio de fe y ritual.
En las dificultades de la vida en el Sector Perseano, como en las dificultades de la peregrinacion, los fieles hallaron una especie de paz y sentido en el vacio dejado por el Colapso.",,,,
orbital_construction,GALLERY,Construccion orbital,"El revestimiento ceramoid se desprendia lentamente en un estado de fallo en cascada de eones de duracion. Las costillas metalicas, expuestas y blanqueadas por los vientos estelares, cargaban y liberaban la danza pulsante de los campos magneticos, el zumbido de las orbitas y el siseo erosivo de los micrometeoritos.",,,,
dead_gate,GALLERY,Puerta muerta,"""La humanidad fue entonces dispersada por la faz de la galaxia, hablando una sola lengua, unida por los demonios Portales en un solo cuerpo de ley mundial. Pero habiamos olvidado las leyes de Dios, mas poderosas que cualquier lanza de fusion! Dios le recordaria a la humanidad su lugar en este universo"".",,,,
active_gate,GALLERY,Portal activo,"Es un anillo zumbante de material adamantino. Si uno sabe como buscar, los sensores pueden detectar su tenue vibracion en dimensiones superiores.

Es como una cancion apenas audible, una puerta esperando ser abierta.",,,,
eventide,GALLERY,Eventide,"Las familias lideres de Eventide patrocinaban los espejos y sombrillas estelares para mantener islas de habitabilidad confortable. Los deshonrados y pobres, mientras tanto, vivian en las periferias crepusculares, donde tenian que soportar con toda su fuerza los duros cambios climaticos del lento ciclo de dia-verano y noche-invierno.",,,,
volturn,GALLERY,"Volturn, mundo oceanico","El puerto de Volturn se construyo sobre una flota laxa de enormes barcazas con aspecto chamuscado que se balanceaban en un mar aceitoso. Los espaciales que descargan son interrogados por sombrios oficiales de seguridad, para luego permitirles el paso al vestibulo de comerciantes. Mercaderes con trajes apagados, con insignias de lealtad mostradas con diligencia en el cuello, pasaban un datapad cargado con manifiestos de carga entrante.",,,,
space_bar,GALLERY,Bar de espaciales,"El bar de los espaciales estaba lleno del ruido blanco de conversaciones y juergas humanas. Los ad-holos zumbaban suavemente desde proyectores montados en el techo, proyectando reflejos estridentes sobre vasos y botellas mientras la tripulacion se mezclaba con mercaderes y lugarenos que intercambiaban bebida por rumores, trabajos y contactos.",,,,
pirate_bar,GALLERY,Bar pirata,"""Habeis oido eso? La tripulacion de Salazar cree que somos unos cobardes que comen tierra"".
[gritos, abucheos]
""Yo digo, digo que se equivocan! Yo digo que salgamos ahi fuera y les ensenemos hacia donde vuela el Segador! Quien esta conmigo?""
[vitores, pisotones, cristales rotos]",,,,
stellar_mirror,GALLERY,Espejo estelar,"Las matrices de espejos orbitales ultraligeros, que reflejan y concentran la energia estelar, eran una herramienta de terraformacion comun. El arte de su uso alcanzo su apogeo con la Corporacion de Terraformacion Eridani-Utopia durante el apogeo de la expansion del Dominio.",,,,
stellar_shade,GALLERY,Sombra estelar,"La colocacion juiciosa de sombras estelares y espejos en la orbita de Eventide permitio condiciones ideales en grandes zonas del territorio cuidadosamente mantenido. La mayoria de la poblacion se asentaba en cantones urbanos arrendados, construidos en arcos y anillos de las penumbras que rodeaban las vastas y brillantes plantaciones-fincas aristocraticas.",,,,
hegemony_bar,GALLERY,Bar de espaciales de la Hegemonia,"Una hilera de grifos adornaba la pared bajo botellas de todos y cada uno de los Mundos del Nucleo, y algunas de otros lugares. Capitanes mercantes se mezclaban con oficiales fuera de servicio en la barra, atendidos por personal uniformado. En un rincon, un grupo de cadetes navales gritaba y cantaba, desesperados por disfrutar de su ultimo turno de libertad.",,,,
sindria,GALLERY,Sindria,"Las ciudades-colmena nunca se recuperaron de la afluencia de refugiados debida a la crisis de Askonia. En su lugar, Andrada canalizo los recursos hacia el ejercito y sus industrias auxiliares. Una clase baja desesperada crecio bajo las botas de aquellos lo bastante afortunados y leales como para haber conseguido puestos en la burocracia o en el complejo militar-tecnologico.",,,,
bar_diktat,GALLERY,Bar de espaciales del Diktat Sindriano,"La entrada oscura quedaba tras las nauseabundas transmisiones de propaganda de la via principal. Los trabajadores fuera de servicio gastaban sus creditos de racion en bancos situados bajo la insignia del Diktat. En un rincon, un grupo de oficiales y burocratas bien vestidos pedia una ronda. E incluso aqui, un holograma enmarcado del Leon de Sindria vigilaba el techo, siempre distante.",,,,
tritachyon_bar,GALLERY,Bar de espaciales de Tri-Tachyon,"El salon estaba adornado con geometrias doradas. Columnas iluminadas desde abajo por tubos de luz fria colgaban en el aire. Profesionales astutos y aspirantes con trajes impecables negociaban acuerdos mientras compraban cocteles cada vez mas inverosimiles. Algunos espaciales bebian con moderacion en los asientos bajos, mirando con inquietud lo que era arte abstracto o un equipo de proyeccion holografica que pendia del techo.",,,,
gilead,GALLERY,Gilead,"El rostro de Gilead sonreia tras nubes de la mas pura seda, mares ceruleos y continentes verdes de una naturaleza suave y ondulante.

La Iglesia reinaba como un jardinero severo, asegurando la piedad y el deber al honrar la tierra que Ludd una vez piso.",,,,
jangala_shrine,GALLERY,Santuario de Jangala,"Habia figuras, como un jardin de estatuas excesivamente crecido. Las formas brotaban con crecimiento, cubiertas de zarcillos pesados de cuerpos fructiferos. Una se movio. No fue el viento, sino un peregrino expuesto sin traje de proteccion. Y habia otros, vistiendo solo tunicas ligeras entre la hostil vida xeno. Eran faciles de vencer.",,,,
hesperus,GALLERY,Hesperus,"Los monasterios se aferraban a los sublimes promontorios que rodeaban las provincias volcanicas forzadas por el hielo que envolvia el mundo. Invisibles eran los bunkeres, las baterias pesadas y los silos de misiles de los Caballeros de Ludd.

El presbitero reinante Orbis declaro un punado de zonas economicas especiales en los tempanos errantes; estas transmitian bienvenidas, con sus balizas llamando a los comerciantes externos al puerto.",,,,
hesperus_shrine,GALLERY,Santuario de Hesperus,"El suelo era un campo soldado de placas de blindaje, desgastadas con patrones intrincados por las diversas atmosferas de los mundos en los que los Caballeros de Ludd lucharon y murieron. Los nichos contenian cascos vacios como si fueran calaveras.",,,,
killa_shrine,GALLERY,Santuario de Killa,"Habia cuencas vacias, costillas, femures y espinas incrustadas en huecos, integradas en columnas, cubriendo cada superficie. El polvo procedia de los cuerpos desmoronados, de los huesos.

Como un velo, se agitaba lentamente en el campo electrostatico, lo suficientemente fuerte como para vencer la baja gravedad del mundo y quedar suspendido en un casi vacio.",,,,
volturn_shrine,GALLERY,Santuario de Volturn,"Estaba lleno de armas, explosivos, granadas, cargadores de celda. Cajas y estantes apilados hasta lo alto. El santuario mismo estaba situado bajo un visor redondo que contenia una masa titanica de agua. Unas pocas velas luchaban por mantener incluso un parpadeo decente entre las hileras de sus camaradas muertos.",,,,
volturn_shrine_fake,GALLERY,"Santuario de Volturn, falso","Era algo triste situado al fondo de una habitacion trasera: hileras de velas dispuestas alrededor de una pieza central de madera tallada con imagenes de los sufrimientos de Ludd. Las velas estaban apagadas; el santuario solo se iluminaba por los mugrientos tragaluces.

-No recibimos muchas visitas, ya ve usted -dijo el cura.",,,,
protest,GALLERY,Protest,"El avance constante de la gendarmaria rompio la linea de protesta; los bastones electricos subian y bajaban entre gritos ahogados y alaridos silenciosos. Los drones, con luces laser intermitentes, desplegaban espuma de contencion sobre los cuerpos que forcejeaban. Los punos, las pancartas y las herramientas manuales eran inutiles contra los oficiales con armadura de potencia.",,,,
raid_prepare,GALLERY,Preparacion para la incursion,"Cada escuadron se preparaba como si fuera una cirugia, con frialdad y precision. El infierno estaba listo para desatarse una vez que las cargas de brecha volaran a traves de los puntos de acceso, hacia tormentas de polvo, escombros y fuego intermitente por el disparo de las armas.",,,,
raid_valuables_result,GALLERY,Incursion por objetos de valor,"Se sintieron golpes sordos, casi subsonicos, a traves de la masa blindada. Cargas de brecha. Cuando los infantes de marina finalmente rompieron la boveda propiamente dicha, lo hicieron con una fuerza abrumadora de sonido y luz. Ningun humano sin traje podria soportar el asalto a los sentidos. Quedaron cegados, en estado de shock.",,,,
raid_disrupt_result,GALLERY,Incursion de interrupcion,"La incursion dependio de apenas unos minutos de caos. Las comunicaciones por todo el hemisferio crujieron con estatica; solo los repetidores de haz estrecho podian atravesar la lluvia de dispersion electromagnetica entre nubes de interferencias y distraccion. Los informes de bajas no dejaban de llegar, y las pantallas en el puente se tenian de un brillo sangriento para llenar el espacio.",,,,
raid_covert_result,GALLERY,Incursion encubierta,"Los escuadrones de infantes de marina se retiraron, dejando mamparos destrozados y alarmas resonando entre el fuego de cobertura esporadico. El MUNISEC aun se estaba movilizando para bloquear el puerto cuando el ultimo transbordador de los asaltantes despego. Sus propulsores levantaron polvo que se mezclo con la atmosfera que se escapaba.",,,,
kazeron,GALLERY,Kazeron,"Kazeron era rica en metales exoticos, el antiguo nucleo de un gigante gaseoso destruido en una antigua catastrofe celestial. Su base industrial, construida para abastecer la maquinaria pesada de la frontera perseana del Dominio y la planta de terraformacion, se adapto rapidamente para construir una flota de guerra que hizo dudar al XIV Grupo de Batalla.",,,,
fikenhild,GALLERY,Fikenhild,"La pequena luna oceanica de Fikenhild era el centro politico del sistema, sede del Rey y representante ante la Liga Perseana. Las grandes arcologias flotantes brillaban dia y noche, hogar de los muy estimados estudios de holoentretenimiento de Westernesse.",,,,
ilm,GALLERY,Ilm,"Mas que una ciudad de empresa, Ilm era un mundo de empresa, desde las plataformas de seguridad orbital que brillaban en lo alto hasta las minas teleoperadas excavadas en lo profundo de la corteza. Gobernada por una junta corporativa semimilitarizada, la identidad de los inversores no era informacion publica, aunque las especulaciones menos paranoicas favorecian una mezcla de capital de la Liga y de Tri-Tachyon.",,,,
teahouse,GALLERY,Casa de te ludita,"Un maton de la unidad de delitos contra la moral vigilaba con dureza a todo el que entraba. Podian clausurar el lugar en cualquier momento, pero aquel burdel-taberna servia de conducto para el comercio necesario en la guerra santa. El interior era tenue y estaba abarrotado; el hedor a vapores de droga y licor barato competia con el desden por el jabon enzimatico moderno.",,,,
mazalot,GALLERY,Mazalot,"Te guiaron por una ciudad de ladrillo enlucido y rescates corroidos. La pintura brillante y los exuberantes jardines lograban, apenas, contener la sensacion de decadencia.

Al poco tiempo, te encontraste ante unas grandes puertas de metal grabado. Los militantes fueron recibidos por otro grupo, igualmente armado. El de mayor rango se bajo la mascara.",,,,
chalcedon,GALLERY,Chalcedon,"La arquitectura de Chalcedon tendia al ciclopeismo en la superficie. Debajo, protegidos de las tormentas, se encontraban los mismos prefabricados baratos que se ven en los mundos pobres de todo el Sector.

La lluvia enviaba desagradables hilos de fluido deslizandose por los conductos para acumularse en las cubiertas mohosas. La debil luz del cielo se difundia en una penumbra que lo aplanaba todo.",,,,
sentinel,GALLERY,"Sentinel, la colonia perdida","Habia un grupo de estructuras bajas y ordenadas; terraplenes y paneles de casco moteados con vidrio de forja y respiraderos brotando de ellos. Las calles estaban limpias y la ciudadania uniformada segun su funcion laboral. A pesar de observar fijamente a los forasteros, no flaquearon en sus tareas.",,,,
sentinel2,GALLERY,"Sentinel, la colonia fundada","No se puede decir que prospere, pero la colonia de Sentinel gano un nuevo sentido de esperanza y energia tras su reintegracion con la Hegemonia.

Los ciudadanos eran diligentes, ordenados y disciplinados. Se pensaba que serian buenos candidatos para oficiales, a pesar de las discretas objeciones de la vieja guardia de Eventide.",,,,
gate_hauler1,GALLERY,Descubrimiento del Transportador del Portal,"Un Leviatan fuera de su tiempo, familiar por sus representaciones en el Sector Perseano tras el Colapso. Su fuerza majestuosa silencia y humilla a oficiales y tripulacion. Les vuelve reverentes, como si se encontraran ante el cadaver de un dios atronador y cruel que antano dominaba los cielos.

Despertarlo, tocar lo divino, debe situarse en algun punto entre el sacrilegio y la santificacion.",,,,
gate_hauler2,GALLERY,Transportador del Portal en vuelo,"Eran las enormes naves automatizadas que transportaban los Portales que establecian conexiones casi instantaneas entre estrellas distantes. Tras un viaje de incontables y solitarios ciclos, el Portal se instalaba en un nuevo sistema y se activaba, para luego descargar una explosion de recien llegados que buscaban recursos, datos y experiencias para alimentar la gran economia y cultura del Dominio Humano.",desbloqueado,,,
bombard_prepare,GALLERY,Preparar bombardeo,"""Si solo estoy siguiendo ordenes, no soy yo quien va contra la convencion. Entonces es responsabilidad del capitan. Cierto?""",,,,
bombard_tactical_result,GALLERY,Bombardeo tactico,"Un salpicado de iconos huecos representaba los objetivos destruidos en la pantalla. El ultimo, lleno y rojo, parpadeo hasta convertirse en un marron costroso.

Un gesto sutil colapso la imagen y los iconos desaparecieron de golpe. La holomatriz nevo y luego se reformo en modo de navegacion, con la flota manteniendo posicion en orbita baja.",,,,
bombard_saturation_result,GALLERY,Bombardeo de saturacion,"Cuando Loke llego del Abismo /
El primer mundo, lo quemo /
El segundo, lo tomo sin disparar /
El tercero... cuidado, ahi esta!",,,,
crew_leaving,GALLERY,Impago de tripulacion,"""El contrato puede irse a la mierda. Sin creditos, no hay tripulacion"".",,,,
nav_buoy,GALLERY,Boyante de navegacion,Una boya de navegacion de la era del Dominio monitorizaba la topografia del hipercampo local. La telemetria era de gran utilidad para configurar y ajustar las burbujas de propulsion de la flota.,,,,
free_orbit,GALLERY,Orbita libre,"Le pregunte que le atraia de vuelta ahi fuera, una y otra vez. El viejo espacial tardo mucho tiempo en responder.

-Porque es limpio -dijo.",,,,
sensor_array,GALLERY,Matriz de sensores,"La matriz de la era del Dominio podia monitorizar pasivamente todo un sistema estelar y disponia de un transmisor capaz de realizar transmisiones de datos FTL cifradas en tiempo real a flotas aliadas. La telemetria complementaria los sensores de la flota, aumentando eficazmente su potencia y alcance.",,,,
sensor_array_makeshift,GALLERY,"Matriz de sensores, improvisada","Matrices de sensores improvisadas, construidas con tecnologia post-Colapso, monitorizaban pasivamente sistemas estelares enteros. Un transmisor a bordo era capaz de realizar transmisiones de datos cifradas en tiempo real y a velocidad FTL hacia flotas aliadas. Esta telemetria complementaba los sensores de la flota, aumentando eficazmente su potencia y alcance.",,,,
galatia_academy,GALLERY,Academia de Galatia,"La Academia de Galatia es la universidad mas prestigiosa del Sector Perseano. La oficina del preboste dirige la ensenanza y la investigacion, y recurre a sus antiguos alumnos para influir en las nuevas generaciones de los estudiantes mas brillantes -o mas ricos-.",,,,
fusion_lamp,GALLERY,Lampara de fusion,"""No te impresiones demasiado, caminante. Es una imitacion mediocre del primer dia de Dios"".",,,,
salvor_ruins,GALLERY,Rescatadores en las ruinas,"Al principio parecia vacio. Una tumba colosal, nunca ocupada.

Un radar montado en un dron trazaba un esquema fantasmal mientras las luces de los trajes proyectaban haces en el volumen resonante, captando nubes de polvo y gas elevadas por la apertura. Los cables brillaban en la oscuridad, serpenteando por las largas hileras de cofres.",,,,
salvor_explore_hull,GALLERY,Exploracion de pecios,"""Se dice que un antiguo rescatador es viejo o rico, pero nunca ambas cosas"".",,,,
dead_zero_g,GALLERY,Muerte en gravedad cero,"""Lo peor es encontrar los trozos. No tanto lo que queda ahi fuera, congelado o frito, sino esos fragmentos que se quedan pegados hasta que vuelves a entrar"".

""No huele mucho al principio, pero tras unos turnos necesitas pasar un descontaminador de grado militar a todo tu equipo. No lo soporto"".",,"- Bora Sidereal, rescatador",,
cache_large,GALLERY,Gran alijo,"Una enorme estructura se alzaba imponente, con las monoliticas facetas de su casco marcadas por incontables ciclos de desgaste espacial. Los hangares eran lo bastante grandes como para ocultar un vasto almacen de mercancias valiosas.
O, tal vez, una flota de tamano moderado.",,,,
tartessus,GALLERY,"Tartessus, la catedral del exodo sagrado","Por fin estabais juntos en la plaza, bajo el arco de la Catedral del Santo Exodo.

-Y es la sede de no mas de unas pocas nociones hereticas de la doctrina, me temo -dijo el en voz baja.",,,,
cathedral_skyline,GALLERY,Catedral del exodo sagrado,"Entre columnas imponentes se habian fijado capsulas de aterrizaje recuperadas de las primeras naves de refugiados de la Iglesia Ludica, ahora integradas en las bovedas, pintadas con oro y verde, adornadas con velas y ornamentos de cristal colgantes que fragmentaban los rayos del sol -filtrados a traves de hileras de ventanales- en miles de astillas de arcoiris en refraccion infinita.

Era un extasis de luz, una galaxia en si misma.",,,,
abyssal_light,GALLERY,Luz abisal,"Una luz fria llenaba la pantalla, cruda contra la oscuridad absoluta del abismo del hiperespacio. Parecia pulsar, atenuandose y luego brillando, sin seguir ningun patron discernible. No parpadeaba como una llama, ni como una senal de comunicaciones fallida, sino como algo que se movia en el limite mismo de la conciencia...",,,,
abyssal_light2,GALLERY,Encuentro de luz abisal,"Una luz fria empezo a crecer en la pantalla principal. Un pulso sutil pedia atencion.

Un aviso de alarma, un destello rojo y una pausa mientras los oficiales del puente asimilaban la erupcion de alertas que se extendia por sus interfaces.",,,,
shrouded_weapon_assembly,GALLERY,Ensamblaje de armas exoticas,"Tecnicos con trajes de proteccion cuidaban la maquinaria de contencion, sorteando bobinas de tubos y cables. Un monton de componentes improvisados fueron extraidos de las bibliotecas comunes de la microforja y luego desmantelados y redisenados para funcionar en esta aplicacion inusual, incluso extraordinaria.",,,,
cargo_pod_drift,GALLERY,Contenedores de carga,"A menudo llenos de mercancias recuperables, incluso criocapsulas operativas, un grupo de capsulas de carga en el espacio abierto es un objetivo tentador para los chatarreros.

Los convoyes comerciales que huyen de los piratas a veces sueltan la carga con la esperanza de que sus perseguidores apaguen los motores y se conformen con un saqueo facil.",,,,
coronal_tap,GALLERY,"Extractor coronal, interior","Estas megaestructuras antano proporcionaron energia al incalculable poder industrial del Dominio, situando a la civilizacion humana cerca del estado de tipo II de Kardashov. Son capaces de extraer energia a escala astronomica directamente de la estrella vinculada.",,,,
coronal_tap2,GALLERY,"Extractor coronal, exterior","Estas megaestructuras antano proporcionaron energia al incalculable poder industrial del Dominio, situando a la civilizacion humana cerca del estado de tipo II de Kardashov. Son capaces de extraer energia a escala astronomica directamente de la estrella vinculada.",,,,
cryosleeper_interior,GALLERY,Nave de criosueno,"""Aquellos que despiertan del criosueno y que fueron depositados en el tiempo del Dominio son, quizas, los mas perdidos de todos. Muchos, aunque no todos, imaginaron que poblarian el extremo remoto de una rica frontera; aceptaron que dejarian atras todo lo que conocieron. Ahora todos se encuentran desconectados de cualquier referencia, a la deriva en la historia"".",,- el Historiador,,
generic_probe,GALLERY,Sonda no tripulada,"Era una clase comun de sonda utilizada para la investigacion, la prospeccion y la vigilancia; el tipo de equipo empleado por empresas civiles e instituciones de investigacion. A menudo operaba sin un transpondedor activo para no atraer a chatarreros oportunistas; un pulso activo devolveria el paquete de identificacion requerido tanto por la ley de comercio interfraccional como por la mayoria de las aseguradoras de prestigio.",,,,
module_large1_lowtech,SHIP,"Un modulo de estacion centrado en una pesada potencia de fuego balistica y de misiles medianos que vaporiza sin esfuerzo a las naves mas pequenas, mientras que da a los cruceros y capitales buenas razones para mantener la distancia. Esta estructura bien blindada y de ingenieria robusta esta disenada para maximizar la compatibilidad con la construccion de baja fidelidad tipica de la produccion de las nanoforjas de la frontera.",,,,,
module_large2_lowtech,SHIP,"Un modulo de estacion disenado para la proyeccion de potencia en un volumen cercano mediante dos hangares de escuadrones de cazas y sus instalaciones de apoyo asociadas. Defendido por una respetable potencia de fuego balistica y de misiles medianos, se trata de una estructura bien blindada y de ingenieria robusta, disenada para maximizar la compatibilidad con la construccion de baja fidelidad tipica de la produccion de las nanoforjas de la frontera.",,,,,
module_armour1,SHIP,"El blindaje pesado de las estaciones de combate se ensambla en diversas formas mediante piezas modulares para adaptarse a requisitos especificos de cada emplazamiento. La estructura primaria, que solo se perfora bajo condiciones de bombardeo intenso, consiste en una red semisensible de alta resistencia personalizada, rellena de bloques de compuesto metal-ceramico ultraendurecido fabricados en nanoforja. Sobre esta se disponen capas alternas de metal espumado y un ""revestimiento"" compuesto por multiples capas de piel de ablacion reflectante y sacrificial.

Esta unidad muestra la clasica disposicion en chevron.",,,,,
module_armour2,SHIP,"El blindaje pesado para estaciones de combate se ensambla de diversas formas mediante piezas modulares para adaptarse a requisitos especificos de cada emplazamiento. La estructura primaria, que solo se perfora bajo condiciones de bombardeo intenso, consiste en una red semisensible de alta resistencia personalizada, rellena con bloques de compuesto metal-ceramico ultraendurecido fabricados en nanoforja. Sobre esta se colocan capas alternas de metal espumado y un ""revestimiento"" compuesto por multiples capas de piel de ablacion sacrificial y reflectante.

Esta unidad es una disposicion de chevron ampliada.",,,,,
module_bastion1_lowtech,SHIP,"Los bastiones de defensa de punto, normalmente montados en grandes brazos extendidos desde el volumen principal de la estacion, mejoran las defensas contra naves de ataque, misiles y fragatas. Esta estructura robusta y bien blindada esta disenada para maximizar la compatitud con la construccion de baja fidelidad tipica de la produccion de las nanoforjas de la frontera.",,,,,
module_citadel1_lowtech,SHIP,"Una ciudadela pesada centrada en la balistica que monta una andanada equivalente a la de un acorazado pesado y cuenta con su propia red de flujo autonoma. Suele colocarse en un brazo que se extiende desde el volumen principal de la estacion para proporcionar campos de tiro superpuestos y, en caso de catastrofe, para minimizar los danos a la estacion matriz. Esta estructura, bien blindada y de ingenieria robusta, esta disenada para maximizar la compatibilidad con la construccion de baja fidelidad tipica de la produccion de las nanoforjas de la frontera.",,,,,
module_blocker2b,SHIP,"Un puntal blindado utilizado para proteger el flanco de las baterias principales de una estacion; este elemento defensivo esta construido con componentes modulares de nanoforja montados sobre una estructura de celosia resistente pero relativamente flexible. El blindaje de las estaciones esta disenado para hallar un equilibrio ideal entre dureza, deflexion, absorcion de impactos y disipacion de calor en una amplia variedad de escenarios de combate y, por norma general, permite un margen de masa mas generoso del que podria montarse razonablemente en una nave estelar.",,,,,
module_midline_broadside,SHIP,Un modulo de costado para defensa de estacion muy pesado; este componente por si solo demuestra una potencia de fuego comparable a la de dos buques de linea estandar. El segmento de estacion montado conjuntamente -incluyendo este modulo y otros de defensa y blindaje de contrapeso- suele operar a una velocidad de rotacion superior a la habitual para permitir un ciclo rapido de fijacion de objetivos y recuperacion.,,,,,
module_midline_support,SHIP,"Un modulo de estacion de apoyo de cazas disenado para mejorar la proyeccion de poder en el volumen local de una estacion, mediante el montaje de multiples hangares de cazas y puntos de lanzamiento de misiles. Es un objetivo relativamente blando que, no obstante, incluye una defensa de punto respetable y hangares blindados. Un deposito de municiones, forjas especializadas in situ y un sistema de potencia de combate aislado se situan en la cara interior.",,,,,
module_midline_bastion,SHIP,"Un bastion de apoyo de misiles puede montarse en estaciones de combate y fortalezas estelares de mayor tamano para reforzar la defensa. Esta unidad esta disenada para apoyar a otros modulos centrados en el fuego directo, manteniendo la presion y aprovechando las oportunidades de ataque con misiles. Una matriz de defensa de punto respetable disuade a los cazas de ataque, mientras que el blindaje pesado permite un funcionamiento ininterrumpido bajo un bombardeo intenso. ",,,,,
module_hightech_shield,SHIP,"Un modulo de escudo avanzado dedicado, disenado para funcionar como un componente especializado en una matriz de defensa de estacion completa. Los modulos de escudo especializados, con sus propios reactores de combate aislados y redes de flujo, permiten que los modulos de potencia de fuego ventilen sin perder las defensas. Este modulo siempre se empareja y se monta en un chasis rotatorio para que los escudos de la estacion puedan alternar la ventilacion de flujo duro, creando teoricamente una defensa impenetrable.",,,,,
module_blocker2c,SHIP,"Un avanzado saliente blindado que aprovecha tecnicas sofisticadas de nanoforja. El blindaje de este modulo explota propiedades inusuales de los cuasicristales y una malla de nanotubos 3D. Esta ciencia de materiales de alta tecnologia permite obtener un blindaje equivalente con menor masa y volumen, pero las ventajas se ven algo contrarrestadas por el complejo proceso de fabricacion y ensamblaje; se requieren tecnicos especialistas para construir este modulo y reintegrar los componentes de repuesto tras recibir danos de combate.",,,,,
module_hightech_hangar,SHIP,"Un modulo de hangar avanzado que puede desplegar cuatro escuadrones de cazas para dominar los encuentros de combate en proximidad. Debido a una filosofia de especializacion, este modulo no posee su propio modulo de escudo; esta disenado para trabajar dentro de la matriz de defensa de toda la estacion. No obstante, cuenta con suficiente potencia de fuego de energia dirigida para disuadir a naves de guerra ligeras. Integra un dispositivo de recuperacion de cazas, un sistema especializado creado originalmente para el portaaviones de clase Astral.",,,,,
module_hightech_attack,SHIP,"Una bateria de armas de energia avanzada; este modulo especializado de defensa de estacion proporciona potencia de fuego de largo alcance. Debido a la filosofia de diseno de matriz de defensa de toda la estacion, no se incluye ningun emisor de escudo; esto significa que los reactores de combate aislados y la red de flujo pueden dedicarse enteramente a los sistemas de armas ofensivas.",,,,,
module_hightech_armour,SHIP,"Una enorme luneta disenada para cubrir ciertas brechas descubiertas en la aplicacion practica de la filosofia de matriz de defensa de estacion completa. El blindaje avanzado requiere tecnicas de produccion en nanoforja sofisticadas que aprovechan las propiedades inusuales de los cuasicristales y una malla de nanotubos 3D. Esta ciencia de materiales de alta tecnologia permite una proteccion de blindaje equivalente con menor masa y volumen que las alternativas, pero la ventaja se ve algo contrarrestada por el complejo proceso de fabricacion y ensamblaje; se requieren tecnicos especialistas para construir este modulo y reintegrar los componentes de repuesto tras sufrir danos de combate.",,,,,
module_hightech_citadel,SHIP,"Una ciudadela avanzada que posee escudos potentes, blindaje avanzado y esta repleta de armas de energia. Este modulo fue disenado para cubrir ciertas lagunas en la aplicacion practica de la filosofia de matriz de defensa de estacion completa mediante modulos especializados. Debido a que se extiende mas alla de la cobertura de los modulos de escudo dedicados, su propio generador de escudo es una adaptacion del sistema de escudo de fortaleza montado en el acorazado de clase Paragon.",,,,,
derelict_mothership_bow_module,SHIP,"Un pequeno modulo blindado que monta un par de torretas pequenas, utilizadas habitualmente para la defensa de asteroides y la mineria. No tiene emisor de escudo, pero esta unidad posee un subsistema de flujo de energia dedicado para que su nave nodriza no quede indefensa en caso de un fallo de energia de emergencia.",,,,,
derelict_mothership_pod_engine_left,SHIP,Un modulo de motor blindado con su propio subsistema de flujo de energia y un pequeno complemento de torretas de mineria y defensa de impactadores. Construido para garantizar que la nave nodriza pueda operar incluso en las condiciones mas hostiles durante incontables ciclos.,,,,,
derelict_mothership_pod_s_right,SHIP,Un pequeno modulo de armas con su propio reactor de reserva y red de flujo. Las torretas estan dedicadas generalmente a la defensa contra impactadores.,,,,,
derelict_mothership_pod_m_right,SHIP,Una capsula de armas que suele montar un canon de mineria de clase media para que la nave nodriza pueda recolectar con mayor eficiencia el material necesario para producir sondas de exploracion adicionales.,,,,,
derelict_mothership_pod_m_left,SHIP,"Un modulo de armas con un ligero complemento de armas antimpacto y, habitualmente, un minador de clase media para que la nave nodriza pueda recolectar material de forma mas eficiente para producir sondas de exploracion adicionales.",,,,,
derelict_mothership_sensor_mast,SHIP,"Un mastil de sensores de proa de una nave nodriza de exploracion que monta un respetable conjunto de torretas antimpacto, asi como un blaster de mineria para ayudar en la recoleccion de materiales en apoyo a la mision de prospeccion de largo alcance. El poder de fuego es ligero y mayormente utilitario, aunque disuadira a los piratas carroneros ocasionales.",,,,,
remnant_armour3,SHIP,"Un modulo de blindaje con tecnologia de materiales de nanoforja de alta tecnologia. La integracion perfecta de una morfologia de cuasicristal fractal, que va de macro a nanoescala con una estetica peculiar, sugiere un diseno de IA.",,,,,
remnant_weapon_platform1,SHIP,"Una avanzada plataforma de armas proyectada, de diseno IA. No dispone de volumenes internos de soporte vital; los tubos de acceso al vacio para drones de mantenimiento son demasiado pequenos para tecnicos humanos. Presenta una integracion perfecta de una morfologia de cuasicristal fractal, peculiarmente estetica, desde la macroescala a la nanoescala.",,,,,
remnant_shield2,SHIP,"Un avanzado modulo de defensa disenado por una IA que utiliza un potente escudo y monta torretas de defensa de punto Paladin dobles, capaces de despedazar misiles y cazas con una eficiencia inhumana. Presenta una integracion perfecta de una morfologia de cuasicristal fractal, peculiarmente estetica, desde la macroescala a la nanoescala.",,,,,
remnant_hangar1,SHIP,"Un hangar de cazas de apoyo avanzado disenado por una IA. Los volumenes internos de reparacion y mantenimiento de cazas se mantienen casi en el vacio y optimizados a niveles de eficiencia inhumanos debido a la falta de sistemas de soporte vital y requisitos de seguridad. La cobertura de defensa de punto es modesta; las torretas defensivas disuaden a los cazas de ataque y a las fragatas oportunistas. El blindaje presenta una integracion perfecta de una morfologia de cuasicristal fractal, de escala macro a nano, peculiarmente estetica.",,,,,
remnant_weapon_platform2,SHIP,"Una avanzada plataforma de armas de apoyo de potencia de fuego disenada por una IA. Cuenta con generadores de combate dedicados y una red de flujo independiente capaz de alimentar la bateria principal de armas de energia de gran tamano y las torretas de energia secundarias de clase media. La ausencia de requisitos de soporte vital o volumenes internos habitables mejora la eficacia en combate. El blindaje presenta una integracion perfecta de una morfologia de cuasicristal fractal, de escala macro a nano, peculiarmente estetica.",,,,,
derelict_vambrace,CUSTOM,"Una estructura del tamano de una nave estelar con formas geometricas y angulares regulares, aunque danada por el combate. Parece consistir principalmente en aleaciones ferricas y no tiene una fuente de energia interna activa.",,,,,
anubis,SHIP,"Un raro prototipo experimental desarrollado por la corporacion Tri-Tachyon, el casco de clase Anubis posee una cobertura de arco casi completa gracias a tres grandes torretas de energia integradas en una nueva y controvertida red de flujo. Se dice que este ""nuevo paradigma de gestion de flujo"" esta conectado directamente con tecnologia de manipulacion temporal de procedencia desconocida. El armamento adicional incluye puntos de anclaje universales frontales y un hangar de cazas. El Anubis no pudo cumplir una funcion tactica polivalente robusta debido a su deficiente rendimiento de flujo, por lo que suele quedar relegado a funciones de escolta donde, sorprendentemente, destaca.

El comite directivo del Proyecto Anubis, ansioso por ganar el apoyo de la mayor cantidad de departamentos posible, recurrio a nuevas aplicaciones que buscaban la validacion de clientes de una gama excepcionalmente amplia de las tecnologias innovadoras de Tri-</strong>Tachyon. El proyecto se dividio entonces en operaciones paralelas en varios centros secretos de la compania para maximizar la seguridad (y minimizar la supervision), lo que derivo en ciertos e comprensibles compromisos en las etapas finales. Se esperaba que el producto multifuncional cubriera mas segmentos de usuarios que uno con un enfoque mas limitado durante un periodo de lanzamiento inicial. Asi, las pruebas de campo generalizadas permitirian seguramente una iteracion rapida que conduciria, finalmente, a la madurez del producto mucho antes de los cronogramas convencionales.

Esto no iba a suceder. Las luchas de poder ejecutivas provocaron un organigrama particularmente dinamico durante el siguiente ciclo financiero.",,,,,
pseudoparticle_jet,WEAPON,"""Si nuestros aceleradores de particulas pudieran hacer eso, seria como asomarse a la mente de Dios"".","-Interceptacion, [CENSURADA]",,,,
rift_lightning,WEAPON,"""Y asi cayo la ira como un rayo, y el golpe fue sentido por todos los Fieles, y por todos los incredulos en el firmamento. Todos murmuraron entonces, cerca y lejos, y todos dijeron: ""No habeis oido un gran grito de ira?"". Pero nadie pudo nombrar su palabra, ni repetirla"".","-El Libro de Ludd, Visiones 7:7",,,,
abyssal_glare,WEAPON,"""Un brote de rayos gamma precedio a la descarga de una corriente sin precedentes de... debemos admitirlo, los sensores EM no pudieron penetrar la vaina de plasma y el conjunto gravimetrico no pudo calibrarse bajo... si, por supuesto. Mis disculpas. El equipo de fisica especula que la eyeccion es una corriente de pseudoparticulas materia-antimateria con carga cercana a c que se aniquilan in situ en un... vortice controlado, o quizas semiestable. La asimetria barionica es inusual, por decir lo menos"".","-Interceptacion, [CENSURADA]",,,,
inimical_emanation,WEAPON,"""La relacion invertida de la bariogenesis -o deberiamos decir antibariogenesis- es una de las cualidades mas provocadoras del dispositivo. Sin embargo, uno sospecha que la direccion no estara dispuesta a apreciar las implicaciones a la luz de la potencia de fuego evaluada"".","-Interceptacion, [CENSURADA]",,,,
assaying_rift,WEAPON,"""El pecado se alimenta del pecado, el mal se alimenta del mal, engordando siempre de si mismo hasta que no queda nada del alma"".","-Seleccion de los Archivos de la Santa Inquisicion, Hesperus",,,,
vortex_launcher,WEAPON,"""Se requerira que todos los oficiales de mando y tacticos con riesgo de observar directamente el fenomeno realicen sus funciones con un companero que no observe. Cuando -no si- se manifieste el mesmerismo, el companero que no observa debera ejecutar inmediatamente la desactivacion remota de la pantalla. Esta orden permanecera vigente hasta que el equipo tecnico complete el parche de interrupcion automatica"".","-Interceptacion, [CENSURADA]",,,,